transactionHash,blockNumber,timestamp,position,transactionFee,coinbase_transfer,flashbots,liquidator,bidPrice,nftAsset,nftTokenId,nftPrice,ethPrice,revenue_eth,revenue_dollar
0xa3c4ec8753787adb57a543fbfcc72457492abad1f51aea28de5890704bfb3f2a,14774626,1652545404,171,71170745477649616,0,False,0xc387339879190ec6bb5dd0ceae32f9e1d2ed386d,14500000000000000000,0xed5af388653567af2f388e6224dc7c4b3241c544,444,3.699,2062.3681430818096,-10.87217074547765,-22422.418591619116
0xaa36dff1f81866b2671451e65c7d243e5cb63d3d8b186240d385f6142da1dd21,14872146,1653908000,64,20594821184729278,0,False,0xc5756e5f26ba70b9bf28def5d8daf586ec838756,9597000000000000000,0xed5af388653567af2f388e6224dc7c4b3241c544,6967,10.85,1996.0829423717946,1.2324051788152708,2459.9829555238234
0xf9c9608c78be12ddd54c8677b79de7cd817814c8d188d7e96b8d7666245fefe8,14878433,1653996383,299,28433074616713550,0,False,0x5d30c7f521b0b05bd3245609c26cb2f21663b8d1,11089900000000000000,0xed5af388653567af2f388e6224dc7c4b3241c544,6430,27.1,1945.6230322025622,15.981666925383287,31094.29926301563
0xd29c69bbdd78284fadf9d71c33cad01d4d3e3411104f6d61de56bc2a60285969,14880152,1654020211,148,63066893260457585,0,False,0x0be72c280d33d8ccc46ad789bdf0a4b92ac750ce,10588300000000000000,0xed5af388653567af2f388e6224dc7c4b3241c544,1571,2.99,1945.6230322025622,-7.661366893260458,-14906.131885681736
0xbaa8c88461ff0e808aed237d2a88859637bb1868da1165880bd68ff7b1994ec4,14972120,1655364467,110,29592916846029747,0,False,0xaf1c962f799954e2a43ffdea5acaa942d53e1f84,8739100000000000000,0xed5af388653567af2f388e6224dc7c4b3241c544,3126,11.81,1064.8708449298513,3.04130708315397,3238.5992433293095
0xd9a88bd8e08399e73086dc536a0670b8c2503ee0aadc922cb6f772dd8f38611c,15235022,1659065872,287,20177979008840928,0,False,0x1a81ec53721568bc029dc56e187d078a06fc75aa,8530100000000000000,0xed5af388653567af2f388e6224dc7c4b3241c544,937,1e-05,1724.7642391971906,-8.55026797900884,-14747.196445747282
0xb5854b285c4cbe4c365417f1ec49ad7b222e2be730023d89156dbd4603b320b8,15239589,1659127121,66,14490988000000000,0,False,0x826eb237dac0bc494ced68fb93d3337a0379eea1,8710000000000000000,0xed5af388653567af2f388e6224dc7c4b3241c544,6378,1.92,1724.7642391971906,-6.804490988000001,-11736.142722041963
0xee935bbedcff1d7b28bb3ecb1054187d0ce8a6c44b2a27fbe411b79a528f6745,15304145,1659996160,195,11268822698192220,0,False,0xe4709a6bc622d60ee15a29880561c85c7fdac46d,8174900000000000000,0xed5af388653567af2f388e6224dc7c4b3241c544,5803,8.45,1774.5743444293018,0.2638311773018079,468.18803850036664
0x497942f3bd8868b51ea7b2ba896e7b8f145657710edcb1fa4e91989d4a7e920c,15305572,1660015289,57,6552362920015482,0,False,0x69e0e2b3d523d3b247d798a49c3fa022a46dd6bd,9042900000000000000,0xed5af388653567af2f388e6224dc7c4b3241c544,7508,15.3,1702.460203121933,6.250547637079986,10641.308599846512
0x0f8c650c8019b333056225590b47b52339b6a139639e92833ddfd52feaee8d4d,15316961,1660169764,34,35928327000000000,0,False,0x826eb237dac0bc494ced68fb93d3337a0379eea1,7956400000000000000,0xed5af388653567af2f388e6224dc7c4b3241c544,3251,35.0,1850.603314707671,27.007671672999997,49980.48672059026
0x7b9b2977afcbb15e6b771fad13fe986330a6b0244e93174cc1e88bb0f91177d3,15318438,1660189825,20,25259777000000000,0,False,0x826eb237dac0bc494ced68fb93d3337a0379eea1,7956500000000000000,0xed5af388653567af2f388e6224dc7c4b3241c544,1090,24.75,1876.7510895708726,16.768240223000003,31469.813108701386
0x06e10e3b14f7d33a0a45fdd478c0223f2228998965d8be674460adf492f91213,15318453,1660189989,52,22402155000000000,0,False,0x826eb237dac0bc494ced68fb93d3337a0379eea1,8107500000000000000,0xed5af388653567af2f388e6224dc7c4b3241c544,8361,3.43,1876.7510895708726,-4.699902155,-8820.546490272744
0xc3712e975e72cd4e0bdc03c6219a6a293d4bfd800c24fd426bccc93909a952df,15349693,1660616120,278,17581036507308003,0,False,0xeb4d2e17a1fa87c9a1d68684994dfc25bab5e474,17500000000000000000,0x60e4d786628fea6478f785a6d7e704777c86a7c6,16647,20.990000000000002,1876.965221293152,3.472418963492694,6517.609628234602
0x420a40c11f8ba4a0239acbd52a9b064f657c04cefdf48e23c1a0198f75a6f753,15353272,1660665307,129,19892564765950658,0,False,0x31e6d7732c36e5f202912a7337ec3ce144ee6249,14076500000000000000,0x60e4d786628fea6478f785a6d7e704777c86a7c6,20,13.9,1876.965221293152,-0.19639256476594966,-368.62201378625036
0x3b7c71ae8c1676d34d2be41b6a886868092acb4cec7123e972f9e4e5a2fcac8f,15356021,1660702924,160,16572935614136291,0,False,0x53f2f84f7829e2d4f9c024f7bedb06609dab5ac5,12967900000000000000,0x60e4d786628fea6478f785a6d7e704777c86a7c6,8456,14.1,1834.0291360643967,1.1155270643858632,2045.9091381520573
0x5fda889e12703a2c60878949a21350867486831c9bb3dd4b9c44b9cc5259457d,15357754,1660726247,210,12210092055289256,0,False,0x680e19a60fb02cfe4ffaba98bf9f1c6ee4ecd808,6409200000000000000,0xed5af388653567af2f388e6224dc7c4b3241c544,1730,7.8,1834.0291360643967,1.3785899079447104,2528.374057854933
0x5b815d0d1b7f8a103dac1ed6b687b411a72a4ab587dd75c4c0a30c845ea29d00,15364104,1660813659,22,7697457890940890,0,False,0x4f2db816a3dbe6ab7edfaf19c94b3c4befcc75b3,13575400000000000000,0x60e4d786628fea6478f785a6d7e704777c86a7c6,19422,13.99,1848.2780303238876,0.4069025421090592,752.0690290631146
0x6e98abf65dc7f3ad63b64cdafaa1314e6947a65375f3182cc260903fdc1bdaa9,15366840,1660851047,214,26004338287596399,0,False,0x9250f8149067fc068189f95e92f0eea9673f62d0,6800000000000000000,0x8a90cab2b38dba80c64b7734e58ee1db38b8992e,678,21.5,1848.2780303238876,14.673995661712404,27121.623798611072
0xbf12b12678b2f5c3311b3bd13b44a75d265b29b0ff10779bdcc6375d2dacb3ff,15369318,1660883928,85,10852732783518205,0,False,0x69e0e2b3d523d3b247d798a49c3fa022a46dd6bd,7110000000000000000,0x8a90cab2b38dba80c64b7734e58ee1db38b8992e,2124,23.5,1609.1629941839105,16.37914726721648,26356.71765869329
0x0efb8dca118705bf68e6b0dd3d6f5ba7691b3b2372de3942d60c35610fcc699d,15371019,1660908524,56,11900139125488003,0,False,0x33d5cc43debe407d20dd360f4853385135f97e9d,6505100000000000000,0x8a90cab2b38dba80c64b7734e58ee1db38b8992e,4122,19.79,1609.1629941839105,13.272999860874512,21358.42019792746
0x3ab73823c1f9a808d1e2fecdf30d682dac7b8d77d49388e3801e5e57db34a535,15371099,1660909663,218,20704213831409284,0,False,0x8d439070499d73ad7585ba70ad820974b76e122b,6505100000000000000,0x8a90cab2b38dba80c64b7734e58ee1db38b8992e,9605,13.9605,1609.1629941839105,7.434695786168591,11963.637332117552
0x4ea73960aa9c12fa79c6297281639b3352d4884b78c0790ad340b5ac65261a3d,15372027,1660922144,217,15351087238042588,0,False,0x944c7dc0e0cc55674fe8f4ecdce1fe138b805084,6756800000000000000,0x8a90cab2b38dba80c64b7734e58ee1db38b8992e,9437,20.0,1609.1629941839105,13.227848912761957,21285.764963072415
0x5ac5069525f547afa94f12b950f53473fa3309f7130474bab4374e6e884590c8,15372353,1660926344,214,14487264027658882,0,False,0x51aceb6e60635c770b97025596080f588b9bb7ba,7088200000000000000,0x8a90cab2b38dba80c64b7734e58ee1db38b8992e,4237,6.669,1609.1629941839105,-0.4336872640276589,-697.8734963221757
0x935a12abc32f63b25eb4bde5ceecf5d7661e9f53590f0850844a44362cbf67fc,15381513,1661051608,16,8873555871609919,0,False,0x95e905555d9c28c1ccf937eb99fe5c8849e945c4,6460200000000000000,0xed5af388653567af2f388e6224dc7c4b3241c544,8490,6.96,1620.9869448064933,0.49092644412838965,795.7853567923939
0x49b6d0b99abd2570adf06c1e31550b019003f3efbfaa2edfb6d7632665ba940b,15382088,1661059414,117,6454740789966840,0,False,0x61273afb2465956d2509c94590d235548525fe4a,12845400000000000000,0x60e4d786628fea6478f785a6d7e704777c86a7c6,2096,15.0,1620.9869448064933,2.1481452592100334,3482.1154207274244
0x6cec0d28d8abecfe9ac70895138f5ddf9980ae0b11ee07db92203e346904959e,15382835,1661069600,78,18637010526244448,0,False,0x61273afb2465956d2509c94590d235548525fe4a,12496400000000000000,0x60e4d786628fea6478f785a6d7e704777c86a7c6,8117,38.99,1620.9869448064933,26.474962989473756,42915.569370172045
0x75769f180babd8a41a21cf11aef1a1d2efde7ceb6634a6079070e19676cbc989,15382836,1661069615,248,9318373688946342,0,False,0x366bc8c683b0b638f6d3476d737ad11d0a602109,13140000000000000000,0x60e4d786628fea6478f785a6d7e704777c86a7c6,1508,25.0,1620.9869448064933,11.850681626311053,19209.800203308398
0xeab6309904644a94b9cacacbc04d6ca4e97b2b75d713e111b9c4cb954ecdc2cd,15382936,1661070920,26,15590038353512193,0,False,0x12ccdf3513f8f09f4c0e6ad7821988a7a8ac0be1,13550000000000000000,0x60e4d786628fea6478f785a6d7e704777c86a7c6,4137,27.689,1620.9869448064933,14.123409961646487,22893.86316397893
0xb7c9bbab9d332a9b6013acf7e549c05afb304bf09db8ae4fc74825a7c167abfd,15383220,1661074686,90,4306360703316232,0,False,0x70286f06f48e3a0299bf71df0b4cd9b077fb4276,12735800000000000000,0x60e4d786628fea6478f785a6d7e704777c86a7c6,11164,17.8,1620.9869448064933,5.059893639296686,8202.021531409342
0x77f7138a8d181f3bb0954773b906c7fe4efcdb8038cd5220414a0d2a054e6783,15383402,1661076984,106,24610599702157272,0,False,0x9435f1085584764b081177944033d4ed2cfd23ee,17219700000000000000,0x60e4d786628fea6478f785a6d7e704777c86a7c6,24413,23.9,1620.9869448064933,6.655689400297842,10788.78562656976
0x0c5b8608f44442eb3b174f604852df3dc7ac8a2a45c13ffa408873f9568c9605,15384221,1661088404,214,7761000513530176,0,False,0xc997cd38e441841e084c8895b81ee12063e9bbb2,12469500000000000000,0x60e4d786628fea6478f785a6d7e704777c86a7c6,8097,27.0,1620.9869448064933,14.522738999486469,23541.17032099968
0x5a7a7e3bd8843d59ae002d7eee849052e5e95675057a1e8ec95b5b0ee7a0551f,15386107,1661114233,510,16483295249437890,0,False,0x3ea899819660317a8724d5af4e0becf0cdb08ea4,6641200000000000000,0x49cf6f5d44e70224e2e23fdcdd2c053f30ada28b,1006,5.597,1620.9869448064933,-1.0606832952494378,-1719.35377417367
0x40abe7a7439e9464fc852b93f02320c7ddfe350e2ff0264b301dd8df7a385139,15386997,1661125902,121,16444850055778872,0,False,0xa0a8669028898b9e03abba675fc8cadaf2945ba9,82643900000000000000,0xbc4ca0eda7647a8ab7c2061c2e118a18a936f13d,842,152.69,1620.9869448064933,70.02965514994422,113517.1567473604
0xedbbd40ebb1872621b1f0f252b86d48ef0bc8d211ed42b9724688a178edb2786,15387454,1661132527,34,13332133970700250,0,False,0xa0a8669028898b9e03abba675fc8cadaf2945ba9,68692800000000000000,0xbc4ca0eda7647a8ab7c2061c2e118a18a936f13d,7860,165.0,1622.6678068423164,96.29386786602929,156252.95938253356
0xb1c3c0d8e0b8e6a9414af1fe5981200e42675609ae31ca2afb0ee76084ad7a14,15387513,1661133251,184,9230242855115909,0,False,0x44cbdb1979fbc26fc72156959191f322005e8f37,73000000000000000000,0xbc4ca0eda7647a8ab7c2061c2e118a18a936f13d,1036,180.0,1622.6678068423164,106.99076975714489,173610.47771419754
0x731015b955989375624274b6d66a7303de25c8c62abee39f6ad20fb31dd6b9f9,15389107,1661155149,167,7974726935161869,0,False,0x4b4624e087387fca1ae95d4f25bce3e4c41c8c1d,12770000000000000000,0x60e4d786628fea6478f785a6d7e704777c86a7c6,24412,10.33,1622.6678068423164,-2.4479747269351613,-3972.2497813612963
0x258b9f3cc213ea1a7b01059dfe68cd8fa2cac8a94e7d714b0ffcb3b85ddecb29,15394652,1661231060,268,29856311000000000,0,False,0xc16ca6936270af9fdb52f6e3cac38c4a30201c93,7014800000000000000,0x49cf6f5d44e70224e2e23fdcdd2c053f30ada28b,14272,5e-19,1666.4382739664154,-7.044656311,-11739.484903589455
0x57c585bce8e62e48d271b26a5f168eddc1eb59561e7c1d773550a207d33355a7,15394917,1661234539,53,14716243960890720,0,False,0x185dbafc82406762367ad221830e7e217a8c84b4,7079200000000000000,0x8a90cab2b38dba80c64b7734e58ee1db38b8992e,1879,6.89,1666.4382739664154,-0.2039162439608912,-339.813833619902
0xd34546284989479382b3788fe597b55ef6250b36a2eefc528d47d183d11b0372,15395577,1661244353,154,10522463761920129,0,False,0xc8d121777b3a2cb793f7c5a04bd53dc5d252da1a,5797200000000000000,0xed5af388653567af2f388e6224dc7c4b3241c544,5600,10.0,1666.4382739664154,4.1922775362380795,6986.171741476762
0x9ce55ab347768a88861b7ba72a4145328eb7d6a8760181a30e618111eefa61db,15395972,1661249748,170,9184129984363998,0,False,0x366bc8c683b0b638f6d3476d737ad11d0a602109,12811200000000000000,0x60e4d786628fea6478f785a6d7e704777c86a7c6,12562,15.85,1666.4382739664154,3.029615870015636,5048.667841210116
0x7b87efc2692fd9a84ad2653b7ec75a4d5ec338a21468be7192537768f6880ffb,15396823,1661261003,86,15926232936221448,0,False,0x3f703546e6af3e06d5a1653a352f0a05744d1928,7100000000000000000,0x8a90cab2b38dba80c64b7734e58ee1db38b8992e,6632,8.9,1666.4382739664154,1.7840737670637792,2973.048809014525
0x1b28b8ad6057329da63babb4411d19caf3b2e0ce02c47f9b769b7eb1d8c9b8be,15396834,1661261166,90,7067880127741569,0,False,0x02fef8e09bd782d7a0628e9bb5f56977fd2d4802,6050600000000000000,0xed5af388653567af2f388e6224dc7c4b3241c544,8523,1e-05,1666.4382739664154,-6.057657880127742,-10094.71294203913
0x77f337f8cfde605a3663a112953a04755bb9d02d98980f3085d2ba15d49030c3,15398484,1661282794,92,19977488930307133,0,False,0x25d7472c234111bebb50b8a987b6316629fc6bf6,13100800000000000000,0x60e4d786628fea6478f785a6d7e704777c86a7c6,7802,13.999,1666.4382739664154,0.8782225110696938,1463.5036055054318
0x9f2f16d013c10c9d4cb6dce1c77a34c69c6ef6ca21dab60007491198f868b54e,15402206,1661334582,81,10760710276797802,0,False,0x82bbcac5a8b81368a4a96f0265cb40e46020a1e1,5909600000000000000,0x49cf6f5d44e70224e2e23fdcdd2c053f30ada28b,11735,17.5,1659.0620035101701,11.5796392897232,19211.339559933258
0xf8509e04b6c60fabb64f936d14828e44804a1f9845f28ae0cd41f07582c71e83,15403291,1661349263,59,15657364117405799,0,False,0x2988959e46bdb31a54835b4957b62ba8847d3e36,13750000000000000000,0x60e4d786628fea6478f785a6d7e704777c86a7c6,4737,14.889999999999999,1659.0620035101701,1.124342635882593,1865.3541461192804
0x987f0e9a3f1944fd6046ec9448a1bedf18737fc2f1b92e5829e5ae203b46ce64,15403735,1661355707,98,24779309696931278,0,False,0x4c24890d64820773194ddba26ce24b2533d1f3fb,7062200000000000000,0x8a90cab2b38dba80c64b7734e58ee1db38b8992e,9043,14.3,1659.0620035101701,7.21302069030307,11966.848557814521
0x7c8294e567b645a385e028fcb4c4973d458046474dc72c2079e50150929a2a13,15404348,1661364030,85,22150591035303271,0,False,0x82bbcac5a8b81368a4a96f0265cb40e46020a1e1,6800000000000000000,0x8a90cab2b38dba80c64b7734e58ee1db38b8992e,9859,7.72,1659.0620035101701,0.8978494089646967,1489.5878392873917
0x07dfe5b77fd8d22cc00a8cc9667262cab11f2e33b0719f3c0423559821aeb016,15404373,1661364380,194,24390047703928511,0,False,0x9272227568d59326a9be3a2bebbc79c5eb2aff4a,6760800000000000000,0x8a90cab2b38dba80c64b7734e58ee1db38b8992e,9045,13.8,1659.0620035101701,7.014809952296073,11638.004653699403
0x8ce3757b16991b760129593d950b5883a69cfac509d88b9c62b411ac8d2000e7,15406296,1661391054,139,11986436741465906,0,False,0x3e5e68cc7cf9f1ac5ed19e59c9796e43dfb901b3,70095800000000000000,0xbc4ca0eda7647a8ab7c2061c2e118a18a936f13d,1590,165.0,1694.7430260239971,94.89221356325854,160817.91716031215
0xf4218427cc98f682d89046632a356298102780991c76dde861585f492bd494ef,15407533,1661408621,146,8667457142683073,0,False,0xb00b18b3bf6ecc43e6235ee69424d4a220437a4d,6905600000000000000,0x8a90cab2b38dba80c64b7734e58ee1db38b8992e,8273,8.8,1694.7430260239971,1.885732542857318,3195.832075953938
0xb92564240e7ce75b138a90420cf2b99d0c8fccdca1ec45f86fde115bc32a4e2c,15408329,1661419861,42,13371637807065837,0,False,0xa07221143565ac4202371cdcb15e7091cde47474,13576800000000000000,0x60e4d786628fea6478f785a6d7e704777c86a7c6,27450,14.95,1694.7430260239971,1.359828362192933,2304.5596334161073
0x60c3dedc1b5df2d0291dcc6df1183fbdfc966b9f2b5e03b2f51e1df0b96bab93,15408345,1661419998,206,14861370128304599,0,False,0xc612bda4a16c9dd2054e23e0bb5f16b8b073271d,72500000000000000000,0xbc4ca0eda7647a8ab7c2061c2e118a18a936f13d,6941,22.22,1694.7430260239971,-50.2948613701283,-85236.86555186867
0x7d97915ab15af2d74a5604225223940aec41e12678e3e3e2808a9ce648c548c9,15409220,1661432405,180,13720462300468827,0,False,0x3f703546e6af3e06d5a1653a352f0a05744d1928,74200000000000000000,0xbc4ca0eda7647a8ab7c2061c2e118a18a936f13d,9415,85.0,1694.7430260239971,10.786279537699528,18279.97202326162
0x161c891f232394feb5eb9c21aa35c1152de50731acb29339d4cad7642b314f69,15410287,1661446828,102,57156876032674640,0,False,0x12ccdf3513f8f09f4c0e6ad7821988a7a8ac0be1,7450000000000000000,0xed5af388653567af2f388e6224dc7c4b3241c544,3930,9.6,1694.7430260239971,2.0928431239673246,3546.831288905899
0xa79c3e483ae700485662b784740cd4b5a3ddd9d20503e30a387818259b888f4b,15410390,1661448271,162,34761053322979230,0,False,0x82bbcac5a8b81368a4a96f0265cb40e46020a1e1,6873900000000000000,0x8a90cab2b38dba80c64b7734e58ee1db38b8992e,7523,14.0,1694.7430260239971,7.091338946677021,12017.99722505324
0x3d6054f6b9fda6326c9b98c04d274a6b05078ffdbef1208c023c7d8dd3d040f1,15410412,1661448605,252,39331282531697384,0,False,0x5d4b1055a69eadaba6de6c537a17aeb01207dfda,6050500000000000000,0x49cf6f5d44e70224e2e23fdcdd2c053f30ada28b,17717,18.0,1694.7430260239971,11.910168717468302,20184.67537269858
0x102515311189877bbeaeb5bf7bc86a4fcd4aaab1b5909ffbd26657a8529708dc,15410450,1661449087,200,26475526078501650,0,False,0xb00b18b3bf6ecc43e6235ee69424d4a220437a4d,7083900000000000000,0x8a90cab2b38dba80c64b7734e58ee1db38b8992e,3200,15.0,1694.7430260239971,7.889624473921499,13370.886055126708
0x3277d3b680494bd00a8f01ac84260136cc07aca6efab29fbd23718c6ddc39cc2,15411206,1661459890,79,59583548462299999,0,False,0x36742b5a8b3a0dcde3aca9e852348186233738a6,6294211920000000000,0x49cf6f5d44e70224e2e23fdcdd2c053f30ada28b,14294,7.6899999999999995,1694.7430260239971,1.3362045315376991,2264.523311165178
0x7c3df0da25bf89ca15bb9c0aea736944b621c541de79e426eb1e94da3dfda37b,15412207,1661473234,141,40319167093257195,0,False,0x36742b5a8b3a0dcde3aca9e852348186233738a6,6348182295000000000,0x49cf6f5d44e70224e2e23fdcdd2c053f30ada28b,15846,6.8888,1506.3554801318176,0.5002985379067417,753.6274442777562
0xfc700fc5e23e21e191ecff137f7f529d2709b37a74b60b13ce2fef091107fa0c,15412470,1661477041,323,21946868972384074,0,False,0x570b4cba2680d33333bb8475da78ebf646632b12,6557500000000000000,0x49cf6f5d44e70224e2e23fdcdd2c053f30ada28b,17012,4.65,1506.3554801318176,-1.9294468689723838,-2906.4328646997274
0x33ad668f98742f69c2fdb3ce0068436d47e50e740a3ff3f49c28a228ed4ba2e6,15413041,1661484995,61,27318105387471708,0,False,0x570b4cba2680d33333bb8475da78ebf646632b12,6872800000000000000,0x49cf6f5d44e70224e2e23fdcdd2c053f30ada28b,3895,15.45,1506.3554801318176,8.549881894612527,12879.161446429387
0x6825b31b40479b13ffdbd38611702f0f03f642e0bf56cbe79f2494717242691e,15413571,1661492448,56,11244781148198055,0,False,0xe4709a6bc622d60ee15a29880561c85c7fdac46d,7376000000000000000,0xed5af388653567af2f388e6224dc7c4b3241c544,9357,24.75,1506.3554801318176,17.362755218851802,26154.481474104727
0x8ee4c046e7fb1421911337c06a34cd4a149a84b2be9d718ed464765c6f385a08,15451027,1662009890,103,12536663146637003,0,False,0xcd2854b46c7e553d530eab029712ad205ba6ed02,7030400000000000000,0x49cf6f5d44e70224e2e23fdcdd2c053f30ada28b,11748,7.5,1583.8171846949976,0.4570633368533628,723.9047674023944
0xd68ea6649b13512b3513b00c95c8e299099aa07626bce279983a3538fee196ef,15466714,1662226590,356,6375828916526064,0,False,0x0735f6ff5e1562d8c7502315277b6ce87e92bd42,6126700000000000000,0x49cf6f5d44e70224e2e23fdcdd2c053f30ada28b,13628,6.3,1555.0018184992161,0.16692417108347415,259.5673895862766
0xa9641138c5fa76ced3a4b9b6defb357f2257a5891f2321a8a875220dfaab7cb7,15487088,1662509090,113,36767724142014675,0,False,0x157b975ce9669be502ac8519b4b98fb7d5f35595,5720000000000000000,0x49cf6f5d44e70224e2e23fdcdd2c053f30ada28b,4284,7.05,1626.4625579853118,1.2932322758579855,2103.3938754611454
0x2cd8402e72e8aea08156456bde339a7885922f081cfd31bde0f7ed564ad47b42,15487122,1662509465,163,33472966060132155,0,False,0x157b975ce9669be502ac8519b4b98fb7d5f35595,5430000000000000000,0x49cf6f5d44e70224e2e23fdcdd2c053f30ada28b,10764,8.1,1626.4625579853118,2.636527033939868,4288.212503819264
0x19b01b72e3c50045377c5ce28d681a5528c368645beb29fd82431025c626f723,15487547,1662515223,41,23061723418374852,0,False,0xa87dcb554efa5331ed76e1823df97409154ecb5a,5569400000000000000,0x49cf6f5d44e70224e2e23fdcdd2c053f30ada28b,4839,6.5,1626.4625579853118,0.9075382765816252,1476.0770267985315
0x35d5fd821e48a4663438e4efb7189764e5ceef9c69d03290aebf0dd4ab4a2214,15490263,1662553168,163,20150679336642126,0,False,0x157b975ce9669be502ac8519b4b98fb7d5f35595,5520000000000000000,0x49cf6f5d44e70224e2e23fdcdd2c053f30ada28b,6646,5.5,1626.4625579853118,-0.0401506793366417,-65.30357661872226
0xd2fd2c86b600e3af34da69a73cbdbfe42aa6b16ed83c59376b93bb049c59437e,15490291,1662553621,211,10324432650997016,0,False,0x0bfff40545a2250c3f11993e7b75dbbcb11e36ac,5423600000000000000,0x49cf6f5d44e70224e2e23fdcdd2c053f30ada28b,9989,13.5,1626.4625579853118,8.066075567349003,13119.169900173285
0x80b96cf7e26ff80773ffec2fd1e1e1cc09dfe2a0f31cf61d41d1b6240e5bd91f,15490341,1662554330,73,16584045469859880,0,False,0x9250f8149067fc068189f95e92f0eea9673f62d0,5390000000000000000,0x49cf6f5d44e70224e2e23fdcdd2c053f30ada28b,5386,7.4990000000000006,1626.4625579853118,2.092415954530141,3403.2362057743712
0x57892fad20c508bf7116656be5fc0d53479b2506369b1ff240fa3dd8b8a2650d,15490373,1662554836,98,16280262614444254,0,False,0x157b975ce9669be502ac8519b4b98fb7d5f35595,6800000000000000000,0x8a90cab2b38dba80c64b7734e58ee1db38b8992e,9148,8.999999999999998,1626.4625579853118,2.1837197373855544,3551.738389991122
0xa3311f441d04426bf76521513b16ad563e314c2949089f219381aa1263a17fd0,15493908,1662603444,225,27415139143494600,0,False,0x47d5aec8eb4b3aaf21d12823bb2d74e97011dab0,13100000000000000000,0x60e4d786628fea6478f785a6d7e704777c86a7c6,15676,11.989999999999998,1632.990755071255,-1.137415139143496,-1857.3884068994141
0x3606dd22006998c0dc0e1703a7c9dd6a6ab17442f5a4fb56b23a23fe684f321f,15494843,1662615887,41,11970531736224644,0,False,0xf56715f873bdea3d47633dc5d92dbf3d880132db,5610000000000000000,0x49cf6f5d44e70224e2e23fdcdd2c053f30ada28b,17287,14.5,1632.990755071255,8.878029468263776,14497.740044924916
0xd976a3c1875f57ebefc94766a79de9fbba84f044e525eb33c5ee332ebae3b97d,15500514,1662694843,234,10486847359154326,0,False,0x82bbcac5a8b81368a4a96f0265cb40e46020a1e1,6360000000000000000,0x8a90cab2b38dba80c64b7734e58ee1db38b8992e,5241,7.49,1718.49150797701,1.1195131526408455,1923.8738458818632
0x1b06b8396c237093a0bf25ebe5cf721db7137c1163ef4d9b3e7277e76e8b5c1b,15500515,1662694876,226,10623815985280170,0,False,0x9272227568d59326a9be3a2bebbc79c5eb2aff4a,6421000000000000000,0x8a90cab2b38dba80c64b7734e58ee1db38b8992e,8957,7.95,1718.49150797701,1.5183761840147199,2609.3165781438342
0x389219154017b1a1c32f10ae53105a6803522d1b7027b5170aebe30aa03496cb,15500518,1662694934,62,12885130201056266,0,False,0x4c24890d64820773194ddba26ce24b2533d1f3fb,7067800000000000000,0x8a90cab2b38dba80c64b7734e58ee1db38b8992e,3596,10.0,1718.49150797701,2.9193148697989435,5016.817812860495
0xac71672c955eca02104593607d780ea64bb6d50038ddbf3b37f94f3d44e63d75,15500530,1662695058,86,9299441670194478,0,False,0x5f54c23060cb11e9a4d9b88cfcf9afddea4d1784,6362000000000000000,0x8a90cab2b38dba80c64b7734e58ee1db38b8992e,807,1.0,1718.49150797701,-5.371299441670194,-9230.532477311885
0x3e179a8d25bd7749643590935e5f6248b1ee845560c85b2d30dc406e937430a6,15500537,1662695246,106,12603719212970141,0,False,0x4c24890d64820773194ddba26ce24b2533d1f3fb,13068000000000000000,0x60e4d786628fea6478f785a6d7e704777c86a7c6,5856,32.0,1718.49150797701,18.919396280787034,32512.821844584345
0x4bbcea2a030ec945fc1102e6b24b15969ad26b6f38c3904ea08f825939254758,15501858,1662713621,244,17095540877345331,0,False,0x4c24890d64820773194ddba26ce24b2533d1f3fb,69720400000000000000,0xbc4ca0eda7647a8ab7c2061c2e118a18a936f13d,2937,0.5796,1718.49150797701,-69.15789554087735,-118847.25619655885
0xa2add66057ece5d29b5aef4e5aaad406b5a4e39e775b694a0f1ded700e95c32a,15502721,1662726135,94,18673861449148847,0,False,0xb651ffe21526f6cb2510589e0d2fc065037b6c88,11312800000000000000,0x60e4d786628fea6478f785a6d7e704777c86a7c6,29334,11.01,1718.49150797701,-0.32147386144914836,-552.4501009369394
0xeacb226432b7f269ee6f246a3ca423b2fb19a5ad80cb76078717d7843ee2867f,15503545,1662738039,112,41149916108221746,0,False,0xe564d9afc3e8d7ddc99912dbc5db58925b414024,11732655000000000000,0x60e4d786628fea6478f785a6d7e704777c86a7c6,3152,12.489999999899998,1718.49150797701,0.7161950837917773,1230.7751695510526
0xe5df3c088f7f827ceb228f64ca3271e6b6d3a2e6f9964f9d0be86273367e9c9b,15505015,1662758647,47,29619346225280340,0,False,0xce053019efc36c7a184c96cae17c7ccca71c9874,69000000000000000000,0xbc4ca0eda7647a8ab7c2061c2e118a18a936f13d,5924,101.95,1718.49150797701,32.92038065377472,56573.39459288251
0x67d0ab00811704516512c98c02ef87dcbbe28d2b9563144062516777a57dec69,15508169,1662803825,26,7390015365784226,0,False,0x28358cef6f55f9746c9c26c62e5728036b4f64b8,10950000000000000000,0x60e4d786628fea6478f785a6d7e704777c86a7c6,28286,11.93,1777.8653751239153,0.9726099846342162,1729.1696151809763
0x1327965a5e496d2fbfec4e506df829058e512fef54a2969a01f2afbc928292e6,15508937,1662814986,160,13869951321999526,0,False,0x385a4a3be821a7ac53dd852a10508afe86ebf5f2,10299400000000000000,0x60e4d786628fea6478f785a6d7e704777c86a7c6,1324,16.9,1777.8653751239153,6.586730048677999,11710.319288832876
0x02998207065723233f4b259f87e97222bb3d57c25b8f6b26254808e46cfd22a3,15508939,1662815054,235,12419200088166229,0,False,0x5d4b1055a69eadaba6de6c537a17aeb01207dfda,10383800000000000000,0x60e4d786628fea6478f785a6d7e704777c86a7c6,4295,11.2,1777.8653751239153,0.8037807999118323,1429.0140533526503
0xf780762582d14d5c6fe580ba63bbc213e17b45abe867b2caf3a8e12c00dc7657,15508948,1662815177,216,10877310014583952,0,False,0xad5e22e26da93c83a945df367b80e19fde97b6d5,10300100000000000000,0x60e4d786628fea6478f785a6d7e704777c86a7c6,7511,12.0,1777.8653751239153,1.6890226899854155,3002.8549583237254
0xffb93cefc528d3e1a5e335316b64e56a9408587e6db6139fc412457e60e7d3d3,15509032,1662816540,28,8868522567384860,0,False,0x1a9fc2c145ab4997235f1374a4041e674d30d6a8,12100000000000000000,0x60e4d786628fea6478f785a6d7e704777c86a7c6,7018,33.91,1777.8653751239153,21.80113147743261,38759.476792251524
0x41ac65f191ea606c746f8ca2d14b86a3bc386346c998fb0379184abd6227b561,15509760,1662827277,39,21183639722048501,0,False,0xe564d9afc3e8d7ddc99912dbc5db58925b414024,11102480000000000000,0x60e4d786628fea6478f785a6d7e704777c86a7c6,10928,12.18888,1777.8653751239153,1.065216360277951,1893.8112839536911
0x5fd8fb2c4a6581bbf4429ae77ba15535426a3dac554e38e670c43093b7e6faaa,15509807,1662827886,170,10750541646979793,0,False,0xc2b67ec41dcc35adc722658184be07b5e2e7bfd6,11106000000000000000,0x60e4d786628fea6478f785a6d7e704777c86a7c6,6454,13.9,1777.8653751239153,2.7832494583530205,4948.242842338227
0x9a659381dbf26ea557e2a76653ab510cc704ee04e2f99e8459408ae19f67ccf5,15509840,1662828369,12,13478327517191085,0,False,0x951328f40a549bc6fd9b3f3adf5d4b6e6720f981,11001500000000000000,0x60e4d786628fea6478f785a6d7e704777c86a7c6,4693,6.25,1777.8653751239153,-4.764978327517191,-8471.489981708679
0x5044a6abd2b7bf8cdc0e35279a118666c170aa01fa56af0c9e5f722a0da0e23f,15509851,1662828448,149,12409603422482467,0,False,0x18beceb3674f20ee3f75c03ef06542c8c882d088,10572200000000000000,0x60e4d786628fea6478f785a6d7e704777c86a7c6,24262,12.8,1777.8653751239153,2.2153903965775177,3938.6658784572082
0xd1ac1e9d848d47c94db01b82c9809060205be28bf0f2c1f10dbc06b0167d365f,15510533,1662837638,3,39348766809099277,0,False,0x0bfff40545a2250c3f11993e7b75dbbcb11e36ac,11230000000000000000,0x60e4d786628fea6478f785a6d7e704777c86a7c6,28590,26.5,1777.8653751239153,15.2306512331909,27078.04746807846
0x8c766bafeeed7b67a5660c2ebcd7cf0ec8cf06e395fb4aa968a9536fc98d2c81,15510543,1662837728,47,24337189126654994,0,False,0xbd3328357859f94f65437f7682409021be42e3b4,10460000000000000000,0x60e4d786628fea6478f785a6d7e704777c86a7c6,14690,28.89,1777.8653751239153,18.405662810873345,32722.790617657636
0x371e077ad308df781c4ed454ad894aec03ec4bfb1fa97d2dbfafbf35d6523784,15510549,1662837808,135,19400328836877921,0,False,0x9272227568d59326a9be3a2bebbc79c5eb2aff4a,13010000000000000000,0x60e4d786628fea6478f785a6d7e704777c86a7c6,6276,35.99,1777.8653751239153,22.960599671163127,40820.85514744248
0xb40f07c6942572a3fa9c16572dd753e88fd716598d6235da2eeabee870e43b17,15510577,1662838219,77,15478867507067894,0,False,0x794ed065fbc1c0b8d18187ca487d2d33e48bcb73,10469400000000000000,0x60e4d786628fea6478f785a6d7e704777c86a7c6,4950,10.7405,1777.8653751239153,0.25562113249293267,454.4599606091478
0x5daa522eb4d15f858e268974b2a7034414299bfdbac5e0fcd199a84880125b6a,15510704,1662839894,145,6958126814351004,0,False,0x88485489da15e0007b3f44eef761ac37910408e7,10535400000000000000,0x60e4d786628fea6478f785a6d7e704777c86a7c6,11902,15.349999999999998,1777.8653751239153,4.807641873185648,8547.340022332644
0x9ee5a4fd8e8efc81c907a586446d29053b0fa2a9814c5b8a54c1468e2d02be2b,15510827,1662841696,277,9144373501759826,0,False,0xa9d7a10969ab58c4ebd26d187e98a8412258f7f0,10600000000000000000,0x60e4d786628fea6478f785a6d7e704777c86a7c6,13362,32.0,1777.8653751239153,21.39085562649824,38030.06156262581
0x50f0b980c78d3fb301f54586eab85d94be6e7d2050ea92eb8ec7cc02fdb283e6,15510829,1662841735,74,8504962052930593,0,False,0xeac80ad5aa9d5e4316d90b7fe78ed9ebdcde0852,10571100000000000000,0x60e4d786628fea6478f785a6d7e704777c86a7c6,8081,16.0,1777.8653751239153,5.42039503794707,9636.732657459575
0x9b1846607058ebdfd5f0eab3af0bd79c3cfa85be388d7c850c97f9de5bd4aa33,15511245,1662847993,182,14162028615358550,0,False,0x385a4a3be821a7ac53dd852a10508afe86ebf5f2,11400000000000000000,0x60e4d786628fea6478f785a6d7e704777c86a7c6,5904,14.0,1777.8653751239153,2.585837971384641,4597.271795005418
0x371b199398518dc2b9ddda3352a52fcf573af48992a4366829634c5bcfe002c0,15511293,1662848762,185,19504105993311718,0,False,0x385a4a3be821a7ac53dd852a10508afe86ebf5f2,10800000000000000000,0x60e4d786628fea6478f785a6d7e704777c86a7c6,2275,12.5,1777.8653751239153,1.6804958940066876,2987.6954629923994
0xdc179f41e6aec5851179d3c33d1558f321761fc88f4919fb813f4b93835d83ee,15511317,1662849056,120,15559403137023788,0,False,0x16e245993c300d227928c24a05abbc3223fe7baa,10818000000000000000,0x60e4d786628fea6478f785a6d7e704777c86a7c6,8384,14.5,1777.8653751239153,3.6664405968629765,6518.4377871113475
0x2308a73e55f3a20abe70efdcb26f7aa4be755088d62d55d2e58318ef23ee3e0f,15512246,1662862358,419,6499638835745593,0,False,0x70219c18604debf89379d566a622bde2c5bc7621,11400000000000000000,0x60e4d786628fea6478f785a6d7e704777c86a7c6,5412,13.089999999999998,1764.0040207826653,1.683500361164252,2969.7014060828096
0xd9e264a71d86787b4ea9c10663cfdf891e0bad17327ac371d434e591be0b5ad1,15512574,1662866831,401,17409193199481126,0,False,0xed2ab4948ba6a909a7751dec4f34f303eb8c7236,10600000000000000000,0x60e4d786628fea6478f785a6d7e704777c86a7c6,25032,11.578999999999999,1764.0040207826653,0.9615908068005181,1696.250049543761
0x7ebe6ad483edd039e5a01873f94fd6c1078823d883ef981230a368651f5ad275,15514271,1662891521,82,5960190998262656,0,False,0x366bc8c683b0b638f6d3476d737ad11d0a602109,11510000000000000000,0x60e4d786628fea6478f785a6d7e704777c86a7c6,10156,13.94,1764.0040207826653,2.424039809001737,4276.015969616308
0x2e4f26b7e1c3f9f984e8b1a51bcfa57bbfc1d7a5b5ca71786302f2b4e11e154d,15514275,1662891564,85,5919598456236346,0,False,0x85171f99eebae9e1c815c9b271b64788d741da97,11438000000000000000,0x60e4d786628fea6478f785a6d7e704777c86a7c6,999,22.75,1764.0040207826653,11.306080401543763,19943.971287615288
0x4d8d98b80f527a6e08a1e8f46696512dbed69f66c2f8f1e239f8aaa659d9fdee,15514279,1662891620,53,5795085712749129,0,False,0xeac80ad5aa9d5e4316d90b7fe78ed9ebdcde0852,11511000000000000000,0x60e4d786628fea6478f785a6d7e704777c86a7c6,19176,34.69,1764.0040207826653,23.17320491428725,40877.62664322333
0x72ce3c296ec5f9b5129972c144a9c10bc37172a4cbfcbd30c9f47424f2aaeb1b,15516504,1662923583,73,21695635015193034,0,False,0xe564d9afc3e8d7ddc99912dbc5db58925b414024,12340463507631860000,0x60e4d786628fea6478f785a6d7e704777c86a7c6,7723,13.69,1764.0040207826653,1.3278408573529465,2342.316611330099
0x61d749067883a777f92c3a88f1d77570cda31a9c6e35af844271c40b815d87b4,15519761,1662969173,219,10769448530482819,0,False,0x3f703546e6af3e06d5a1653a352f0a05744d1928,11200000000000000000,0x60e4d786628fea6478f785a6d7e704777c86a7c6,6159,31.85,1711.4150412862646,20.63923055146952,35322.28960635994
0xef321c180a4a5d61c36ebc0a7af020e4a30ec7b91caafda5bd61a423d931d527,15522938,1663015289,194,24160871614367027,0,False,0xe564d9afc3e8d7ddc99912dbc5db58925b414024,5645346481209690000,0x49cf6f5d44e70224e2e23fdcdd2c053f30ada28b,14525,6.58,1711.4150412862646,0.9104926471759432,1558.2308113574572
0x4bb797734c9e25d1773c7e57a4f7fa4b09bce0083e8efa98f6f791032bd634eb,15522945,1663015397,328,16235392301715266,0,False,0x9250f8149067fc068189f95e92f0eea9673f62d0,6600000000000000000,0x8a90cab2b38dba80c64b7734e58ee1db38b8992e,9285,20.0203,1711.4150412862646,13.404064607698285,22939.917783987716
0xfec5149f4bcd2552009e40b39049433898834ed1abe026c4a9dcd8257d313197,15522953,1663015490,43,13705171632259277,0,False,0x98bcfb12ac9f2fa7cb0ec582b3ac04f7ac548a25,6620000000000000000,0x8a90cab2b38dba80c64b7734e58ee1db38b8992e,8790,22.22,1711.4150412862646,15.58629482836774,26674.619407190865
0x6d96e73f63174a66fa7cab2c08bf2df7d4eb5b1099dbe1afc3de4cfa1ccb41e0,15524194,1663033040,328,8741653993028813,0,False,0x4dba5d1b7017df652aa8a009cf08784db917d508,11761100000000000000,0x60e4d786628fea6478f785a6d7e704777c86a7c6,10368,16.0,1573.608071010578,4.23015834600697,6656.611314929325
0x6b23c2af45bf4add1f7939c67abb8485aff6b11641ccff9d94489484a0565269,15864390,1667175263,59,35019391192265369,0,False,0xed2ab4948ba6a909a7751dec4f34f303eb8c7236,62260000000000000000,0xbc4ca0eda7647a8ab7c2061c2e118a18a936f13d,6484,120.0,1571.8859026650025,57.70498060880774,90705.64553254221
0xcb35499b1301a563bf96d8c7a01291741f63debfc565e28b4a24075f6ea326a3,15864391,1667175275,70,18488743607029340,0,False,0x6cfdad0772edc2ea15076a9706ec7c1f0a791ac1,65690000000000000000,0xbc4ca0eda7647a8ab7c2061c2e118a18a936f13d,529,124.9,1571.8859026650025,59.19151125639298,93042.30210136094
0x76f343f5c449b8ccb30d5064c1e7eab29b560d88c3620857b0e5dd1ea08909db,15864393,1667175299,29,21009605377683613,0,False,0x6cfdad0772edc2ea15076a9706ec7c1f0a791ac1,63696900000000000000,0xbc4ca0eda7647a8ab7c2061c2e118a18a936f13d,2947,120.0,1571.8859026650025,56.282090394622315,88469.02446382417
0xc7f8a7f9786c27e33d5bd3f03a6600b504eb52631b196d6aa9948a1790581ff3,15864394,1667175311,169,23607124779863701,0,False,0x70a16f2a51dd6a32b42c41afbe15772d652abaff,63800000000000000000,0xbc4ca0eda7647a8ab7c2061c2e118a18a936f13d,1348,137.0,1571.8859026650025,73.17639287522015,115024.94036843427
0xb1ff711c7a8eb2d246b7c3ca3cfabf3b61f6389e44f07cfecf1b4ecb5778e3c3,15864397,1667175347,47,23458624045852627,0,False,0x438bbff80252c9c959797d0180a5c868e1a86c91,66000000000000000000,0xbc4ca0eda7647a8ab7c2061c2e118a18a936f13d,7930,73.0,1571.8859026650025,6.976541375954147,10966.327038221423
0xfd834e456ae18412dd4a4801c9b9172baaf580f2d235a3bf1aaf272bdcd7dff5,15864398,1667175359,30,17686046689793136,0,False,0x2ccb1cb25695af8f4ff38352c2696a0af8297d01,63904300000000000000,0xbc4ca0eda7647a8ab7c2061c2e118a18a936f13d,7087,135.0,1571.8859026650025,71.0780139533102,111726.52812263466
0x3051e5120b3490c129ff0bad6f7f0b7d296ae5ed8ca3a27d9a7117317ad2d3b8,15864422,1667175647,80,26102170328887778,0,False,0x50e00ae08678ebd16b79b84439defa046f18eb76,63396200000000000000,0xbc4ca0eda7647a8ab7c2061c2e118a18a936f13d,9744,56.25,1571.8859026650025,-7.172302170328888,-11274.040671193581
0x9513264d32d50aa154e978d43e5c55c34d76a95c3ab05ef8eadd054743f400a1,15864434,1667175791,143,16674808467000317,0,False,0x2ccb1cb25695af8f4ff38352c2696a0af8297d01,62168100000000000000,0xbc4ca0eda7647a8ab7c2061c2e118a18a936f13d,7202,112.0,1571.8859026650025,49.815225191532996,78303.85021665321
0x5814ed347f901939292e9a8dbbae3c79e832c9a0de0d01d0d58fe96f622e0940,15864755,1667179667,106,8400512949001606,0,False,0x3e5e68cc7cf9f1ac5ed19e59c9796e43dfb901b3,65904200000000000000,0xbc4ca0eda7647a8ab7c2061c2e118a18a936f13d,2784,138.5,1571.8859026650025,72.587399487051,114099.1099648083
0xf88a91039c0c700706137a1fb9dcfc6ceee341e3e4a75bcadd8249da66051d61,15864756,1667179679,78,8770567544363597,0,False,0x3e5e68cc7cf9f1ac5ed19e59c9796e43dfb901b3,66192000000000000000,0xbc4ca0eda7647a8ab7c2061c2e118a18a936f13d,6489,139.99,1571.8859026650025,73.78922943245566,115988.24951339053
0xca80cf01808d39619a64eb6bb829dda8234936eb2a522a0367f89b5451f67de8,15864765,1667179787,144,8500687808949958,0,False,0xc75b143301cf47a3ad096ed904f5e3f0831a57fb,63510000000000000000,0xbc4ca0eda7647a8ab7c2061c2e118a18a936f13d,8166,138.69,1571.8859026650025,75.17149931219106,118161.02005102506
0x0fafd0ffd3759de516f4d585b95fa25be8242f5ecbb52fb14a4d7c6be8675d5f,15877550,1667334323,65,17045556809794397,0,False,0x182f196f7d16c0954b602f64995efe9a2cc692ef,66000000000000000000,0xbc4ca0eda7647a8ab7c2061c2e118a18a936f13d,6855,124.0,1577.9314797446364,57.9829544431902,91493.12910450896
0xc6b28c48d2925d365063cf7a904232b4a50d1250e4827029968112eb4879ca94,15879037,1667352299,67,18414502918132124,0,False,0xed2ab4948ba6a909a7751dec4f34f303eb8c7236,65980000000000000000,0xbc4ca0eda7647a8ab7c2061c2e118a18a936f13d,5462,68.4269,1517.5535546872054,2.4284854970818675,3685.356798602913
0xf75581b29b5ec6fd4dd420e77fa2dd5102356a6ca237938cb5271b1998e8a279,15888046,1667460959,71,16914672657497251,0,False,0x25b4f50cee97a8f5864ffae9345da199ac47c201,8210000000000000000,0x8a90cab2b38dba80c64b7734e58ee1db38b8992e,7103,1.5,1530.589734744137,-6.726914672657498,-10296.146544469284
0x38830801a8de44765760305630f8e5cabb101d54f16d28937521a8746b72d722,15943676,1668132251,85,24072273862508537,0,False,0x19fffb371b95574df860e90b6a5b69256629b585,57588200000000000000,0xbc4ca0eda7647a8ab7c2061c2e118a18a936f13d,6608,130.0,1290.9892390590205,72.38772772613748,93451.77753437779
0xfeed38cc05c0c63f834a4895b464eaf938c713db4dc500ecc239c6276d6925d9,15943722,1668132803,73,19020463683230381,0,False,0x99e32eef37bfba1973778c7b49db610398227575,57714200000000000000,0xbc4ca0eda7647a8ab7c2061c2e118a18a936f13d,7206,110.0,1290.9892390590205,52.26677953631677,67475.84994165516
0x5adea45175f6ce3e0a591893875e578b0f8c40cfe18003d53ece31906f2010b4,15944438,1668141491,167,16578064319719905,0,False,0x057ea2c1f17222518d764f0b20223f91ff267a3a,10400000000000000000,0x60e4d786628fea6478f785a6d7e704777c86a7c6,2277,24.88,1290.9892390590205,14.463421935680278,18672.12207893343
0x4213084d3dfcd2280d8973833c27be641507d3ac715fc573180f1346a3c46c6d,15944439,1668141503,89,17918619981884020,0,False,0x88a66fd0c5d8cbac251f95381a032748341e7fc3,59116500000000000000,0xbc4ca0eda7647a8ab7c2061c2e118a18a936f13d,4834,0.35,1290.9892390590205,-58.784418619981885,-75890.05186273732
0x1a2d24e80c96c8a690ca3e2e6cd5ad0425516529af0e9028b582d87fc10ef1d4,15944452,1668141671,157,21050586328781755,0,False,0x734466e883e7c1d76df3b73191c8c4da6b73652e,59416600000000000000,0xbc4ca0eda7647a8ab7c2061c2e118a18a936f13d,385,0.7,1290.9892390590205,-58.73765058632878,-75829.67483455922
0x6a93d2e9cc9345ed3c6cf01edc0067d705966a75d34017080f20f7b8d768c64e,15944732,1668145043,6,18805253196663115,0,False,0xeb829f7315d111730854f38d3c93997e53872340,10800000000000000000,0x60e4d786628fea6478f785a6d7e704777c86a7c6,4199,20.0,1290.9892390590205,9.181194746803337,11852.823619828318
0x0b7848cb06d162ea658fbb6e51a72fa92c7742a19ec80a1bd90f1cdfd3bc88c4,15944799,1668145847,72,19216622682154705,0,False,0x066b4894be13ac0d49b24fc588668e428ec404e9,60456100000000000000,0xbc4ca0eda7647a8ab7c2061c2e118a18a936f13d,5221,7.05,1290.9892390590205,-53.42531662268215,-68971.50885320368
0xea9eed982e8a3834d4bbf190b59cb9173b0e647d0c17656db7d99025deaf491b,15945825,1668158195,169,28572774979842584,0,False,0xed2ab4948ba6a909a7751dec4f34f303eb8c7236,59500000000000000000,0xbc4ca0eda7647a8ab7c2061c2e118a18a936f13d,717,49.5,1290.9892390590205,-10.028572774979843,-12946.779535619236
0x1b7d32b78dedfe720fc88bf162ff34ca1baca4921c97bf5f8320a5b41d996eef,15947407,1668177359,116,164733255915577621,0,False,0xed2ab4948ba6a909a7751dec4f34f303eb8c7236,62700400000000000000,0xbc4ca0eda7647a8ab7c2061c2e118a18a936f13d,8719,58.3,1290.9892390590205,-4.565133255915582,-5893.537908257486
0x92e851b041ec5fba7309ea6c2f7326804e85a54c7e26466326a7fb7c033c6f59,15950816,1668218459,67,16038167420288170,0,False,0xc9ec15c740867c46d2c5a7ed821a37644f6ca7f8,10690000000000000000,0x60e4d786628fea6478f785a6d7e704777c86a7c6,2733,11.689999999999998,1253.450841827282,0.98396183257971,1233.3477873729526
0x1eec4bad63bc4912d63f7b41d87ceb2efd83c21842716d89c85c143ca9cc25aa,15951733,1668229547,128,16526115783525549,0,False,0xc3c8ee319798c56169d7688a608886fcbd45929c,10330000000000000000,0x60e4d786628fea6478f785a6d7e704777c86a7c6,23216,1e-06,1253.450841827282,-10.346525115783527,-12968.860616365977
0xe8c9cff92f21994647d176ddb729f3fb937024446ec0a1c27930026ef8cceea5,15951743,1668229679,77,16979459633358488,0,False,0x48456a99a9db94f922486b9212f38e2733a66907,10790000000000000000,0x60e4d786628fea6478f785a6d7e704777c86a7c6,4891,4.99,1253.450841827282,-5.816979459633357,-7291.297800569439
0xdf212f101224249329f33db5767149abe57cacb5ab594dea41b4d26ebb1dd52c,15951747,1668229727,124,16044715523622136,0,False,0x59209cc68a7b40699698f76e1ec5c7022613736a,5470700000000000000,0x8a90cab2b38dba80c64b7734e58ee1db38b8992e,2887,5.95,1253.450841827282,0.46325528447637815,580.6677263078532
0xf849cb1f684215c03c127bf671c0511fd04c6f198d52e9abdacff91046c9477e,15951748,1668229739,21,16339637086649424,0,False,0x78df717a7e4b2683dbf9ef9f4ab82fbdb26d0328,11545800000000000000,0x60e4d786628fea6478f785a6d7e704777c86a7c6,4998,20.97,1253.450841827282,9.40786036291335,11792.290491687258
0xfbd7bdb2aa3f2746a3aad09e8616524680144c937772cc31415580311edb6605,15971166,1668463739,12,15425883244291724,0,False,0xabb8c2f1449903745de46e61a6505dd7f9eb4897,10111000000000000000,0x60e4d786628fea6478f785a6d7e704777c86a7c6,10356,11.49,1243.3037261243476,1.3635741167557078,1695.3367802090877
0x1ebb8ff02b5e046644fbafffae37c0477594ff46bd6cb8e89d8011f44969cc19,15972274,1668477119,105,20986019259478900,0,False,0x91b474140ea2093259a3261379b2232cdb18cc51,46300000000000000000,0xbc4ca0eda7647a8ab7c2061c2e118a18a936f13d,9459,30.38,1249.3746185522075,-15.940986019259476,-19916.26332715838
0xf31f3847063c5e2672aa7ce44b74b8e2a366fec99d75625b39759495c06922f0,15973144,1668487667,86,14312615448242708,0,False,0x916cddd297fb6daf63fab22f9d7fe86c0ce12876,9338000000000000000,0x60e4d786628fea6478f785a6d7e704777c86a7c6,15002,12.0,1249.3746185522075,2.647687384551758,3307.9534161198444
0x6112ad95e956a1e56c0eea1bb6933c9e93ce4adeab3e26eb1f2235d69949ebc3,15973537,1668492383,208,13271916113769807,0,False,0x50aa0305f26e5ee62ec1bb943359a716e0ccb1f7,9534300000000000000,0x60e4d786628fea6478f785a6d7e704777c86a7c6,24756,29.5,1249.3746185522075,19.95242808388623,24928.057226495708
0x1e0589bfada826fb90cda58324e285c4bbf87660a362b4aafebbabe569c59e91,15973538,1668492395,78,19746554076642134,0,False,0x8d004ec19b23b35baccb5faa0b2ec4f673c092e7,9539900000000000000,0x60e4d786628fea6478f785a6d7e704777c86a7c6,1758,34.8,1249.3746185522075,25.240353445923354,31534.656958623385
0xc5db1d50fc960ab4b09a32f18c43cbec059a0c420e00c8acaae453229b25d574,15973540,1668492431,245,14109047800000000,0,False,0x69e0e2b3d523d3b247d798a49c3fa022a46dd6bd,9566800000000000000,0x60e4d786628fea6478f785a6d7e704777c86a7c6,8794,34.2,1249.3746185522075,24.6190909522,30758.46736750698
0xae2e53058b3eb7c1b2f869f81908e799135ad207b15080f36615b11bdf9750f2,15974036,1668498383,109,14755824106585906,0,False,0xb9295f4468c22d5fdd718131b747fb2fc7eeeb71,9454800000000000000,0x60e4d786628fea6478f785a6d7e704777c86a7c6,11934,0.001,1249.3746185522075,-9.468555824106588,-11829.773320983451
0xb872497ad8fea2683ea932f3ca80b4b9c84c335c55537b57609d0136e2d3d20c,15974042,1668498455,54,19845451643624644,0,False,0x1a71709c62ad2013ea377f11602099a2b411a93c,9488100000000000000,0x60e4d786628fea6478f785a6d7e704777c86a7c6,6348,10.2,1249.3746185522075,0.6920545483563754,864.6353873700667
0x4302b6d3b3ca2f1fa5c8ed3a0234321b25de7013d0b05ceee7fcd5a53f4bd514,15974056,1668498623,11,15307240033548481,0,False,0x8513fafe1813b6ec3bbd9fc4baf5340bda8d670b,55912400000000000000,0xbc4ca0eda7647a8ab7c2061c2e118a18a936f13d,3260,117.0,1249.3746185522075,61.07229275996645,76302.17247109184
0xba50630aa45e3105c0561e11276a129c4c9c7c6c53fcbd06f4a561cf90bc9c01,15974377,1668502511,83,15008692267536350,0,False,0x2984794cbc5ac89dca755f481d9566a30b0325f9,9450000000000000000,0x60e4d786628fea6478f785a6d7e704777c86a7c6,4882,4.3,1249.3746185522075,-5.165008692267536,-6453.030764720589
0x36c2a699745cd081d1382ae17b627a23d9cf3c72be850b3d46824f9391a262b2,15974958,1668509519,31,13152203037597726,0,False,0x60d71d296875cfb701949cec1ea6ac1ffd2e9a62,9242400000000000000,0x60e4d786628fea6478f785a6d7e704777c86a7c6,19576,12.73,1249.3746185522075,3.474447796962403,4340.88689100946
0xfe239463fc2cc42906a9e617c84fc72858b37259aebf88d326daa53a0b472512,15976853,1668532415,98,23251191092186326,0,liquidate,0x089f98432222a5d8c52e999ed24a4b36c5a78e71,9902500000000000000,0x60e4d786628fea6478f785a6d7e704777c86a7c6,8684,10.894699999999998,1249.3746185522075,0.9689488089078123,1210.5800485258137
0xf45765fc2332760c0551afc2262eb4b901e36c90db338dfc2ed20133ca43e4e0,15976929,1668533363,70,22703808326572772,0,False,0x1a71709c62ad2013ea377f11602099a2b411a93c,56610000000000000000,0xbc4ca0eda7647a8ab7c2061c2e118a18a936f13d,1894,71.0,1249.3746185522075,14.367296191673427,17950.13519909857
0x893add4ae0052bdae944c8e60a8cf9ba58aab3b714635b2dd1d2e369ae941e3b,15977727,1668543035,100,23988305193647393,0,False,0x2b695dad3de30b4292a8a94bbe51f242dacb875a,5995200000000000000,0x8a90cab2b38dba80c64b7734e58ee1db38b8992e,7055,1.244,1249.3746185522075,-4.775188305193647,-5965.999067316276
0xcef4bb0af80e76b1b596a6f21ac5d47186f1295582f1e9f5e844f2b0ee2dfa6f,15977769,1668543539,125,19172834201364579,0,False,0x9272227568d59326a9be3a2bebbc79c5eb2aff4a,57611800000000000000,0xbc4ca0eda7647a8ab7c2061c2e118a18a936f13d,6737,44.99,1249.3746185522075,-12.640972834201365,-15793.310612859148
0x4683671377b73779c4e32be97fee8db7c6370f101d909a453b2dc71a03c28ead,15978070,1668547175,99,16893236455422982,0,False,0xdacddea78d9b9c7eba66e4da7930e92b357425ce,63000000000000000000,0xbc4ca0eda7647a8ab7c2061c2e118a18a936f13d,71,101.99,1249.3746185522075,38.97310676354457,48692.01039649796
0x23724446d8607393af681d34b09a2c5040a5c50d14ca223852ef2f7cd1c4f2e5,15978075,1668547235,142,15974825749907919,0,False,0x3cae9491bcf301ed23b0602a99fe459dfab44d1d,62710000000000000000,0xbc4ca0eda7647a8ab7c2061c2e118a18a936f13d,1283,142.7,1249.3746185522075,79.97402517425007,99917.51719616333
0xddd6a6060c58c7c5ef2db24d3c1326ffd1dbfebe0c07c5f2edab83a84483a956,15978096,1668547499,139,41878728881964808,0,False,0xed2ab4948ba6a909a7751dec4f34f303eb8c7236,58850000000000000000,0xbc4ca0eda7647a8ab7c2061c2e118a18a936f13d,4555,2.0,1249.3746185522075,-56.89187872888196,-71079.26928561534
0x64f70d8b2616b9e5a15f5ceef0342af2655aa36faaf343cdf6b22933dc7399f2,15978520,1668552611,49,14149448623480910,0,False,0x8d8b9c79196f32161bcb2a9728d274b3b45eb9af,59423900000000000000,0xbc4ca0eda7647a8ab7c2061c2e118a18a936f13d,3908,72.875,1249.3746185522075,13.436950551376516,16787.78496963091
0x25f93fde4457bfe562da4a78d3bd9c4a728f90df9da111be2437dc4c9a8e74eb,15978860,1668556691,3,33701910413807393,0,False,0x713f275ba51dec8a166991f8fd44d468b62b1558,76000000000000000000,0xbc4ca0eda7647a8ab7c2061c2e118a18a936f13d,2222,0.001,1249.3746185522075,-76.0327019104138,-94993.32794681695
0x3ab518f262920fadddb48c67921d1235e784a03eb545d61f7258f487919d675b,15979026,1668558707,100,21815505402543547,0,liquidate,0x4593d72b3a7cd192e684a167a315208aae9fccc8,58000000000000000000,0xbc4ca0eda7647a8ab7c2061c2e118a18a936f13d,9286,131.0,1216.812560868985,72.97818449459746,88800.77156244038
0x13a3332b108158d229453c961d201eb690a3cd7a147c1e886ea811dbe1510e99,15980158,1668572375,56,12636080252481414,0,False,0x2984794cbc5ac89dca755f481d9566a30b0325f9,10999100000000000000,0x60e4d786628fea6478f785a6d7e704777c86a7c6,8624,28.8,1216.812560868985,17.788263919747518,21644.982973601345
0xae345c46996b07c59d59b44cc8bf3d5eb3e5750a563edd494f31cd26e9c6641b,15980159,1668572387,43,12400882601930865,0,False,0x0529265f3306aeca1f7bb5fd5a8aedfd539c7db5,11250000000000000000,0x60e4d786628fea6478f785a6d7e704777c86a7c6,2885,30.88,1216.812560868985,19.61759911739807,23870.941020142283
0xa7febbb090fb5eb8f653ad24d085201df6c98b90299671c07a27b1729494491d,16272557,1672101515,90,12884021261232495,0,False,0x3baad898934459b46e317264bf9abd2c70cce464,6030000000000000000,0x49cf6f5d44e70224e2e23fdcdd2c053f30ada28b,11635,5.73,1212.4051036736166,-0.3128840212612323,-379.34218423504245
0x04299151e017360f95192d1f87cb76117e2fc892af191421990d2627f64ae0a0,16308088,1672529987,54,26001807341458536,0,False,0xace4585b8e13a1b9fe044e900c280f367a2e8cf7,6054200000000000000,0x49cf6f5d44e70224e2e23fdcdd2c053f30ada28b,7641,15.0,1195.1648687957893,8.919798192658542,10660.629436613664
0x274df335fb9bdeae8e5cad48a5cd950aea5c8a5782e82c7301fa37aaf57bb2b6,16308097,1672530095,53,13759896606584245,0,False,0x28358cef6f55f9746c9c26c62e5728036b4f64b8,4900000000000000000,0x49cf6f5d44e70224e2e23fdcdd2c053f30ada28b,8870,5.25,1195.1648687957893,0.3362401033934154,401.86235905607396
0x9929d3a5a4dfa5fd4c68e4a19cb6e17391f485f7bc916f0aeecd55926e3fb38c,16308174,1672531019,158,13604633953756314,0,False,0xd91cbd7bd278d0884801ed6d4fb600d8da898591,5563400000000000000,0x49cf6f5d44e70224e2e23fdcdd2c053f30ada28b,18253,5e-19,1195.1648687957893,-5.577004633953756,-6665.440011612849
0x3c2687ccb86c249aa5199ae8e79deabfe111a344044fc48f927329d86467ac7f,16431337,1674016547,119,39115192962928968,0,False,0x041c36713d3142b520aed45cbd3ffc5b91311eef,5651200000000000000,0x49cf6f5d44e70224e2e23fdcdd2c053f30ada28b,5475,6.8799,1510.599323504958,1.189584807037071,1796.9860047619752
0x83f274a2f002804756649acd55f5603689e0732173401fc2f557939bdf62b9c7,16431338,1674016559,134,31570442484929484,0,False,0x041c36713d3142b520aed45cbd3ffc5b91311eef,7661400000000000000,0x49cf6f5d44e70224e2e23fdcdd2c053f30ada28b,1544,23.85,1510.599323504958,16.15702955751507,24406.797919431876
0x37a16329b54c4a50fe7146b49096e9303a775a6236236aaa34ec079737e1be92,16431340,1674016583,86,16749319951138336,0,False,0x2984794cbc5ac89dca755f481d9566a30b0325f9,5694300000000000000,0x49cf6f5d44e70224e2e23fdcdd2c053f30ada28b,16390,15.0,1510.599323504958,9.288950680048861,14031.88261335273
0x5c065609fad42f4cfa3265a2162ce456ae96ed858e5d507ef8fe0e3b9ef9fa50,16447254,1674208523,69,21782113364829059,0,False,0xa4f11d739c1877dda21a925ddea3988acc80497c,5220800000000000000,0x49cf6f5d44e70224e2e23fdcdd2c053f30ada28b,18243,18.42,1657.6890627118612,13.177417886635173,21844.061505458772
