blockNumber,timestamp,transactionHash,from,to,toCreate,fromIsContract,toIsContract,value,gasLimit,gasPrice,gasUsed,callingFunction,isError,eip2718type,baseFeePerGas,maxFeePerGas,maxPriorityFeePerGas,position,coinbase_transfer,total_miner_reward,punkIndex,nftPrice,ethPrice
13000672,1628641450,0xc64894c713e0763d2256e0415a31ba02ace696562ad222abb566b066618f564f,0xbc668f251657a016df6551ade1b0a88a100a2a42,0xb47e3cd837ddf8e4c57f05d70ab865de6e193bbb,None,0,1,42500000000000000001,200000,44281137191,65477,0x091dbfd2,None,2,44281137191,53319666398,0,0,0,0,none,0,3173.1503160398265
13000672,1628641450,0xda5f120b99527ae00b565d2001b12164fddb9a8ae7831029acc77cfefe2f44c4,0x2debdf4427ccbcfdbc7f29d63964499a0ec184f6,0xb47e3cd837ddf8e4c57f05d70ab865de6e193bbb,None,0,1,0,200000,56000000000,98479,0x23165b75,None,None,44281137191,None,None,1,0,1154061890567511,551,48.0,3173.1503160398265
13000672,1628641450,0x4479d31a5b17ef3b36ef17968e8f1dff6c8afd5b10be07d04ddc09493949ff71,0xbc668f251657a016df6551ade1b0a88a100a2a42,0xc4595e3966e0ce6e3c46854647611940a09448d3,None,0,1,108260891141958468,200000,44281137191,39092,0x24835805,None,2,44281137191,53319666398,0,2,108260891141958468,108260891141958468,none,0,3173.1503160398265
13012948,1628805719,0x9c1335bf987de49f56315e03b5b31cbc2d91a8bb0845436ccba05b1d2f6259cc,0xbc668f251657a016df6551ade1b0a88a100a2a42,0xb47e3cd837ddf8e4c57f05d70ab865de6e193bbb,None,0,1,41000000000000000001,200000,291382251196,65477,0x091dbfd2,None,2,291382251196,399823197979,0,0,0,0,none,0,3040.91045162258
13012948,1628805719,0x5480975675a6120134fa233b4ee7bba9159ba40f16576221578c6b49f059ca02,0x2b9324f66b7733202261777726d8f9720285cb8a,0xb47e3cd837ddf8e4c57f05d70ab865de6e193bbb,None,0,1,0,200000,321000000000,98479,0x23165b75,None,None,291382251196,None,None,1,0,2916726284469116,7693,43.0,3040.91045162258
13012948,1628805719,0x0ee2b4d6f1a53082e1c38cab2584a13e8f1ffba5f3c4fef8b197ed0d8a02d442,0xbc668f251657a016df6551ade1b0a88a100a2a42,0xc4595e3966e0ce6e3c46854647611940a09448d3,None,0,1,100000000000000000,200000,291382251196,39092,0x24835805,None,2,291382251196,399823197979,0,2,100000000000000000,100000000000000000,none,0,3040.91045162258
13056183,1629382504,0xc083c1f8831ffa159e42239e885b3d5ba46bc1948e498680540d6cc9aaa3f878,0xbc668f251657a016df6551ade1b0a88a100a2a42,0xb47e3cd837ddf8e4c57f05d70ab865de6e193bbb,None,0,1,10000000000000001,200000,37781445807,65477,0x091dbfd2,None,2,37781445807,40214869331,0,2,0,0,none,0,3175.9473589168465
13056183,1629382504,0x12a70cd7dffeb48af2805488152e2d4c89c01c9247063ccd00c0b0f0b47561f6,0xc08fd8505a4665d5fe1a6b8eacb65ff7936ec3cd,0xb47e3cd837ddf8e4c57f05d70ab865de6e193bbb,None,0,1,0,200000,44000000000,97964,0x23165b75,None,2,37781445807,44000000000,44000000000,3,0,609194442963052,8667,49.0,3175.9473589168465
13056183,1629382504,0xceef4add47560c1bc837b653eff788e991f5f4c11976a230326773d2c30b52b9,0xbc668f251657a016df6551ade1b0a88a100a2a42,0xc4595e3966e0ce6e3c46854647611940a09448d3,None,0,1,26509000000000000000,200000,37781445807,39092,0x24835805,None,2,37781445807,40214869331,0,4,26509000000000000000,26509000000000000000,none,0,3175.9473589168465
13428480,1634380025,0xba615b8a4ef2cce68f539ecf5f21887cfeefa3329cebc02ea89901d7405f6de9,0x1919db36ca2fa2e15f9000fd9cdc2edcf863e685,0xb47e3cd837ddf8e4c57f05d70ab865de6e193bbb,None,0,1,101000000000000000020,100000,60319579548,65477,0x091dbfd2,None,2,60319579548,96000000000,0,1,0,0,none,0,3833.8378405207486
13428480,1634380025,0xfbb7b51d9d9b4838303413504e24c0f1c821c3d1de0f3e592726a4ad4c4b4dd0,0x0e3c7999e9db48c8fbe2dae0ee08311f0ef75091,0xb47e3cd837ddf8e4c57f05d70ab865de6e193bbb,None,0,1,0,200000,96000000000,84304,0x23165b75,None,2,60319579548,96000000000,96000000000,2,0,3008002165785408,1316,103.95,3833.8378405207486
13428480,1634380025,0xed61e6c652e54e6132661b79badece767270eff13740b85aee67b6e1d87342a8,0x1919db36ca2fa2e15f9000fd9cdc2edcf863e685,0xc4595e3966e0ce6e3c46854647611940a09448d3,None,0,1,48750000000000000,60000,60319579548,38418,0x86b738be,None,2,60319579548,96000000000,0,3,48750000000000000,48750000000000000,none,0,3833.8378405207486
13456578,1634759755,0xc701c7bb7fcfffb4e39ff01f36d4703de2d2aff475b991130f161216f9a8a407,0x1919db36ca2fa2e15f9000fd9cdc2edcf863e685,0xb47e3cd837ddf8e4c57f05d70ab865de6e193bbb,None,0,1,108880000000000000020,100000,84061715264,65477,0x091dbfd2,None,2,84061715264,135000000000,0,0,0,0,none,0,4150.176647609908
13456578,1634759755,0x904041fb4855c13a0e58f5ead031492d5c15172ad40caaeb9b0b9d597e26a856,0xd037a13921d1c630bf5cce91f4845cce351beb46,0xb47e3cd837ddf8e4c57f05d70ab865de6e193bbb,None,0,1,0,200000,135000000000,84304,0x23165b75,None,0,84061715264,None,None,1,0,4294301156383744,5427,123.0,4150.176647609908
13456578,1634759755,0x7bf128dba6d84bbb649c84f4f9df159177cadce0429bd183316f9e1a1d8c4a8d,0x1919db36ca2fa2e15f9000fd9cdc2edcf863e685,0xc4595e3966e0ce6e3c46854647611940a09448d3,None,0,1,75000000000000000,60000,84061715264,38418,0x86b738be,None,2,84061715264,135000000000,0,2,75000000000000000,75000000000000000,none,0,4150.176647609908
13488041,1635184215,0x992ed34889d3a36dfb10c763bed0b4563910794526365313b275ad0e7b1cf55e,0x1919db36ca2fa2e15f9000fd9cdc2edcf863e685,0xb47e3cd837ddf8e4c57f05d70ab865de6e193bbb,None,0,1,90000000000000000020,100000,111299464748,65477,0x091dbfd2,None,2,111299464748,148000000000,0,0,0,0,none,0,4204.4905244621505
13488041,1635184215,0xf33b3ed3194d87236b49b2cd8cc09383f9c04a5175ba3991baf5896853b2db5c,0x49deb2342ff211a90807acc4f5c632e437e9b96e,0xb47e3cd837ddf8e4c57f05d70ab865de6e193bbb,None,0,1,0,200000,148000000000,84294,0x23165b75,None,2,111299464748,148000000000,148000000000,1,0,3093634918532088,5183,95.95,4204.4905244621505
13488041,1635184215,0x836d2ae87555dec2be129735e240fb96c6b6e69cefa305d4c05f5b46ec9d24f9,0x1919db36ca2fa2e15f9000fd9cdc2edcf863e685,0xc4595e3966e0ce6e3c46854647611940a09448d3,None,0,1,84750000000000000,60000,111299464748,38418,0x86b738be,None,2,111299464748,148000000000,0,2,84750000000000000,84750000000000000,none,0,4204.4905244621505
13507748,1635451295,0xdf4b928e0916fd35daeef5d99ef3807b86a26199080c508fe4f8758727d837bc,0x1919db36ca2fa2e15f9000fd9cdc2edcf863e685,0xb47e3cd837ddf8e4c57f05d70ab865de6e193bbb,None,0,1,99000000000000000020,100000,209714834405,65477,0x091dbfd2,None,2,209714834405,226000000000,0,1,0,0,none,0,4275.237414049306
13507748,1635451295,0x2b563ff8f57dab8d0efb1d4f6abbabdd98c189d07a189b1e5ab2cc064097930b,0xa8f8f5821230203f55db9df5203039780c779781,0xb47e3cd837ddf8e4c57f05d70ab865de6e193bbb,None,0,1,0,200000,226000000000,84304,0x23165b75,None,0,209714834405,None,None,2,0,1372904600320880,4601,92.95,4275.237414049306
13507748,1635451295,0x0d1b11ff829842806732ab970602b13185b301ba97449b99cc33fe5fc1db0f85,0x1919db36ca2fa2e15f9000fd9cdc2edcf863e685,0xc4595e3966e0ce6e3c46854647611940a09448d3,None,0,1,141750000000000000,60000,209714834405,38418,0x86b738be,None,2,209714834405,226000000000,0,3,141750000000000000,141750000000000000,none,0,4275.237414049306
13512971,1635523009,0xabc59dc26d71cb077cf579dd31bcc117ba43f989de973dabd374e5abb91413b0,0x1919db36ca2fa2e15f9000fd9cdc2edcf863e685,0xb47e3cd837ddf8e4c57f05d70ab865de6e193bbb,None,0,1,110000000000000000020,100000,192944413565,65477,0x091dbfd2,None,2,192944413565,403000000000,0,0,0,0,none,0,4432.431548805354
13512971,1635523009,0x5d08bcf8c0a85b1ee9908f50529f0d752823b1ab37cb72d3a1705e4a43336f6b,0x9ee0fa1ab8c1e2b01f6764f299a7c24b5355ad1c,0xb47e3cd837ddf8e4c57f05d70ab865de6e193bbb,None,0,1,0,200000,403000000000,84304,0x23165b75,None,0,192944413565,None,None,1,0,17708526158816240,8598,121.95,4432.431548805354
13512971,1635523009,0x553962f1774a7a6f85f7819efd0a471de169d943e0b62a276a43b9011d51a7fb,0x1919db36ca2fa2e15f9000fd9cdc2edcf863e685,0xc4595e3966e0ce6e3c46854647611940a09448d3,None,0,1,95400000000000000,60000,192944413565,38418,0x86b738be,None,2,192944413565,403000000000,0,2,95400000000000000,95400000000000000,none,0,4432.431548805354
13550671,1636035002,0xe2e407341f0935a604c0aa64c0ba4ef49c5392238b879590266c9399b49ab3b7,0x1919db36ca2fa2e15f9000fd9cdc2edcf863e685,0xb47e3cd837ddf8e4c57f05d70ab865de6e193bbb,None,0,1,86000000000000000020,100000,138040734379,65477,0x091dbfd2,None,2,138040734379,153000000000,0,1,0,0,none,0,4522.064376140103
13550671,1636035002,0xd25a041e977a16c83b5a2d5e4fef0d98b2e860400370222e052d4a6544b0a1de,0xc219cafde6855f60da76d9cacc3873fda65516e6,0xb47e3cd837ddf8e4c57f05d70ab865de6e193bbb,None,0,1,0,200000,153000000000,84304,0x23165b75,None,0,138040734379,None,None,2,0,1261125928912784,5771,89.0,4522.064376140103
13550671,1636035002,0xe796ad986a850efa8e81d41a8821a1b1cd662b87ac19ff01f91d7dc9f02e9b7b,0x1919db36ca2fa2e15f9000fd9cdc2edcf863e685,0xc4595e3966e0ce6e3c46854647611940a09448d3,None,0,1,43200000000000000,60000,138040734379,38418,0x86b738be,None,2,138040734379,153000000000,0,3,43200000000000000,43200000000000000,none,0,4522.064376140103
13723379,1638393392,0x0fbd4cb921c2e71fe686eef8dace82536aec83f2a51cb0167c1a243e0f76eec7,0x1919db36ca2fa2e15f9000fd9cdc2edcf863e685,0xb47e3cd837ddf8e4c57f05d70ab865de6e193bbb,None,0,1,105000000000000000020,100000,125506664766,97100,0x091dbfd2,None,2,125506664766,140751117014,0,0,0,0,none,0,4576.921608746373
13723379,1638393392,0xcf0eb0e87ff640f7fdce1137b3730e4b7a8dcb9bad1e254ec413504baa4978b7,0xa23deaf742997b604b8a7733036b209bac53958d,0xb47e3cd837ddf8e4c57f05d70ab865de6e193bbb,None,0,1,0,200000,127506664766,85379,0x23165b75,None,2,125506664766,140751117014,2000000000,1,0,170758000000000,7307,109.95,4576.921608746373
13723379,1638393392,0x3b327762e3214a7cae8959c9221067b5120206779aa4e56096bcabf9d3912d0d,0x1919db36ca2fa2e15f9000fd9cdc2edcf863e685,0xc4595e3966e0ce6e3c46854647611940a09448d3,None,0,1,42000000000000000,60000,125506664766,38418,0x86b738be,None,2,125506664766,140751117014,0,2,42000000000000000,42000000000000000,none,0,4576.921608746373
13752803,1638800592,0xfcfce7bebf50fa45b81289cc6018cbb97a4ef251302d221ef166250a64cc9175,0x51eac3daa1c34f5c2874aa62097ac9965a180b6d,0xb47e3cd837ddf8e4c57f05d70ab865de6e193bbb,None,0,1,73000000000000000002,200000,111312394213,65477,0x091dbfd2,None,0,91684462249,None,None,2,0,1285178101206828,none,0,4345.504873610022
13752803,1638800592,0x1371c989ff45ed16ec674a579c59a3d919582580e240bad5584b2153f06832de,0x8f6b1e467fbe74d7dd43d59de0558f693c736798,0xb47e3cd837ddf8e4c57f05d70ab865de6e193bbb,None,0,1,0,200000,111312394212,85379,0x23165b75,None,0,91684462249,None,None,3,0,1675813203068977,4124,84.99,4345.504873610022
13752803,1638800592,0x5d4bac834b05f5af92042e42f0731710e6cb48663f5ba15278184301b46200c6,0x51eac3daa1c34f5c2874aa62097ac9965a180b6d,0xc4595e3966e0ce6e3c46854647611940a09448d3,None,0,1,35535807023693168,50000,91684462249,38430,0x86b738be,None,2,91684462249,500000000000,0,4,35535807023693168,35535807023693168,none,0,4345.504873610022
13752957,1638802810,0x62587574045b9b2b6f2da68b5188a0bfb0e051c26b4f354ccbb1bde6b2ffe2e1,0x51eac3daa1c34f5c2874aa62097ac9965a180b6d,0xb47e3cd837ddf8e4c57f05d70ab865de6e193bbb,None,0,1,85000000000000000002,200000,130354456789,65477,0x091dbfd2,None,0,115123475148,None,None,5,0,997278984907757,none,0,4345.504873610022
13752957,1638802810,0x334939df063484d895ceaf733c7726b0fd76f2719a6daf5e1c698ae0e05e359f,0x8f6b1e467fbe74d7dd43d59de0558f693c736798,0xb47e3cd837ddf8e4c57f05d70ab865de6e193bbb,None,0,1,0,200000,130354456788,84304,0x23165b75,None,0,115123475148,None,None,6,0,1284032676178560,5389,98.99,4345.504873610022
13752957,1638802810,0x63f964f41da3d64a4b463a411cf3ae22ae0d8204ce24aa45ece5ad1a28548ca0,0x51eac3daa1c34f5c2874aa62097ac9965a180b6d,0xc4595e3966e0ce6e3c46854647611940a09448d3,None,0,1,53728504594378279,50000,115123475148,38430,0x86b738be,None,2,115123475148,500000000000,0,7,53728504594378279,53728504594378279,none,0,4345.504873610022
13811409,1639593554,0x0b2fdd6bae48d9826c1063e6374b4e12227981c84514779edd6f429a86fff4d4,0x51eac3daa1c34f5c2874aa62097ac9965a180b6d,0xb47e3cd837ddf8e4c57f05d70ab865de6e193bbb,None,0,1,60000000000000000002,200000,145000000001,65477,0x091dbfd2,None,2,126032624984,145000000001,145000000001,1,0,1241926813988109,none,0,4018.645137893879
13811409,1639593554,0xd77590a28abafe33ceb741f60becf9d1a02f166a29fcab8003f2ecda89d55c28,0x7786089b523202b02409a4763ed375e6fffce464,0xb47e3cd837ddf8e4c57f05d70ab865de6e193bbb,None,0,1,0,200000,145000000000,98479,0x23165b75,None,2,126032624984,145000000000,145000000000,2,0,1867888124200664,5146,64.99,4018.645137893879
13811409,1639593554,0xaab3a135939a23e78900b517d4c8a6083e25a8cc664df7cac0f7129f1f312c59,0x51eac3daa1c34f5c2874aa62097ac9965a180b6d,0xc4595e3966e0ce6e3c46854647611940a09448d3,None,0,1,448667417260151100,50000,126032624984,38430,0x86b738be,None,2,126032624984,500000000000,0,3,448667417260151100,448667417260151100,none,0,4018.645137893879
13816096,1639656258,0x0f867a296eb49e4388b427a3c529fe5a99de0933d76941d1a143040a77f0b39a,0x1919db36ca2fa2e15f9000fd9cdc2edcf863e685,0xb47e3cd837ddf8e4c57f05d70ab865de6e193bbb,None,0,1,64000000000000000020,100000,50838578886,48377,0x091dbfd2,None,2,50838578886,59863212162,0,3,0,0,none,0,3972.841711348538
13816096,1639656258,0x8d1ddb18f9d255189d01a42173d0c45f0156a6a5edad6e24609ee513077f2948,0xd16d910d50f7db75d1db1261d6e84c0b651d4b28,0xb47e3cd837ddf8e4c57f05d70ab865de6e193bbb,None,0,1,0,200000,52338578886,84294,0x23165b75,None,2,50838578886,59863212162,1500000000,4,0,126441000000000,9016,89.95,3972.841711348538
13816096,1639656258,0x1bc120a5f5dc268f305747b542c1b53ae896722239cc2e86177a18f7b9199adb,0x1919db36ca2fa2e15f9000fd9cdc2edcf863e685,0xc4595e3966e0ce6e3c46854647611940a09448d3,None,0,1,30000000000000000,60000,50838578886,38418,0x86b738be,None,2,50838578886,59863212162,0,5,30000000000000000,30000000000000000,none,0,3972.841711348538
13916211,1640995681,0x232cc4db448e8f3dcaf8061366138b5174658624d1f4efadc4b03ff1eeb779df,0x51eac3daa1c34f5c2874aa62097ac9965a180b6d,0xb47e3cd837ddf8e4c57f05d70ab865de6e193bbb,None,0,1,55000000000000000002,200000,91000000001,65477,0x091dbfd2,None,2,62886369647,91000000001,91000000001,0,0,1840796174688858,none,0,3755.769795655771
13916211,1640995681,0x6b595646af50300b8e773d5f2bf199ec24f7d2ebbddd03d6a7fd89674a359b3c,0xaea57cbf427757d9d51f0fb024cd7dfeb15c0275,0xb47e3cd837ddf8e4c57f05d70ab865de6e193bbb,None,0,1,0,200000,91000000000,97984,0x23165b75,None,2,62886369647,91000000000,91000000000,1,0,2754685956508352,636,69.99,3755.769795655771
13916211,1640995681,0xa1bf2e010cb28626c834033529713487d57b1e2897c60a6f22cee265be5c06a9,0x51eac3daa1c34f5c2874aa62097ac9965a180b6d,0xc4595e3966e0ce6e3c46854647611940a09448d3,None,0,1,1240154817320496200,50000,62886369647,38430,0x86b738be,None,2,62886369647,500000000000,0,2,1240154817320496200,1240154817320496200,none,0,3755.769795655771
13917351,1641010732,0xd8024bb64fcc3cb382e2b1012a6404a732f1fa99a5fa392e845f9f2fdbbe804d,0x51eac3daa1c34f5c2874aa62097ac9965a180b6d,0xb47e3cd837ddf8e4c57f05d70ab865de6e193bbb,None,0,1,696900000000000002,200000,80000000001,65477,0x091dbfd2,None,2,78526313578,80000000001,2000000001,0,0,96492565918771,none,0,3755.769795655771
13917351,1641010732,0xff604cee5316e9a69b21f8e531d84cc6de4f4518ca94453e125a27ed9b574e0c,0x8eaa28e9f31977a00164ea04bca5b34d6779b02f,0xb47e3cd837ddf8e4c57f05d70ab865de6e193bbb,None,0,1,0,200000,80000000000,84304,0x23165b75,None,2,78526313578,80000000000,2000000000,1,0,124237660120288,9335,0,3755.769795655771
13917351,1641010732,0x31b9b1b9afd43a8123b3e8576c476e9ff1cd44fc599435267867ed030f196855,0x51eac3daa1c34f5c2874aa62097ac9965a180b6d,0xc4595e3966e0ce6e3c46854647611940a09448d3,None,0,1,15140183616763771000,50000,78526313578,38430,0x86b738be,None,2,78526313578,500000000000,0,2,15140183616763771000,15140183616763771000,none,0,3755.769795655771
14003541,1642162116,0xfe2edad2fe95d42d8ffece65f2ab46012cfeb709b99e39e493fe4f7c0312ac42,0x1919db36ca2fa2e15f9000fd9cdc2edcf863e685,0xb47e3cd837ddf8e4c57f05d70ab865de6e193bbb,None,0,1,50000000000000000020,100000,127503062234,65477,0x091dbfd2,None,2,127503062234,173000000000,0,0,0,0,none,0,3307.8709302373454
14003541,1642162116,0x443a2efe5b9a64e36ff3f017c23dc48fede6cf0f9ffd8cbdf4b19964e17e5ad5,0xad4fa8a3af05080e6970aca4768d2be5f213c62d,0xb47e3cd837ddf8e4c57f05d70ab865de6e193bbb,None,0,1,0,200000,173000000000,84304,0x23165b75,None,2,127503062234,173000000000,173000000000,1,0,3835573841424864,7969,61.95,3307.8709302373454
14003541,1642162116,0xe2f61174a46d9a9b62bd6585863eb3c4d796c2fdc67ecb7df4cfb760115f75d6,0x1919db36ca2fa2e15f9000fd9cdc2edcf863e685,0xc4595e3966e0ce6e3c46854647611940a09448d3,None,0,1,2526590708403061919,60000,127503062234,38418,0x86b738be,None,2,127503062234,173000000000,0,2,2526590708403061919,2526590708403061919,none,0,3307.8709302373454
14024059,1642436491,0xbd8c570df3f9e1f9dd6b57c5c90981e0dd43de314903a71b2da40ff8b8a6886d,0x51eac3daa1c34f5c2874aa62097ac9965a180b6d,0xb47e3cd837ddf8e4c57f05d70ab865de6e193bbb,None,0,1,58120000000000000002,200000,163000000001,65477,0x091dbfd2,None,0,133311101261,None,None,0,0,1943940022798980,none,0,3210.4542875489215
14024059,1642436491,0x56394e8be9aa1f57e877f37c699088d2751db1fa76bace4ff3b185d02409004d,0x2f20872b1517b641bdc0680cc279e0ed33e9b41c,0xb47e3cd837ddf8e4c57f05d70ab865de6e193bbb,None,0,1,0,200000,163000000000,98479,0x23165b75,None,0,133311101261,None,None,1,0,2923733058917981,5063,66.49,3210.4542875489215
14024059,1642436491,0x08fec5bea7bcb83fa3a246f2c178efb29e5c60a974da27d89262deef6f9b45eb,0x51eac3daa1c34f5c2874aa62097ac9965a180b6d,0xc4595e3966e0ce6e3c46854647611940a09448d3,None,0,1,42365992863199863,50000,133311101261,38430,0x86b738be,None,2,133311101261,500000000000,0,2,42365992863199863,42365992863199863,none,0,3210.4542875489215
14025107,1642449950,0x96b9f1ee81b83e31a4e90a6ccf50cf90cbb19fd42d4e3ecd79532241ddb404ac,0x51eac3daa1c34f5c2874aa62097ac9965a180b6d,0xb47e3cd837ddf8e4c57f05d70ab865de6e193bbb,None,0,1,57000000000000000002,200000,303000000001,65477,0x091dbfd2,None,2,135144511812,303000000001,303000000001,0,0,10990673800151153,none,0,3210.4542875489215
14025107,1642449950,0x0cba9a92eb3ebd5311b71f6e12a878daee91c0052855e89e24eab1e6735291ce,0x3aafabec90ab6dfd9402ff8f7afde1d03ba14235,0xb47e3cd837ddf8e4c57f05d70ab865de6e193bbb,None,0,1,0,200000,303000000000,84294,0x23165b75,None,2,135144511812,303000000000,303000000000,1,0,14149210521319272,1830,60.49,3210.4542875489215
14025107,1642449950,0xb059dc9b6e2b502ddbed84ab6b9243f45310e2f97ad76c86e448c0c9d9ce9bdc,0x51eac3daa1c34f5c2874aa62097ac9965a180b6d,0xc4595e3966e0ce6e3c46854647611940a09448d3,None,0,1,187828991279172190,50000,135144511812,38430,0x86b738be,None,2,135144511812,500000000000,0,2,187828991279172190,187828991279172190,none,0,3210.4542875489215
14058801,1642899370,0x8ba94a89fa669aaa63ea59afcac494ca958be839c924f2cbf549327940d0d9c0,0x1919db36ca2fa2e15f9000fd9cdc2edcf863e685,0xb47e3cd837ddf8e4c57f05d70ab865de6e193bbb,None,0,1,90000000000000000020,100000,123042159269,62677,0x091dbfd2,None,2,123042159269,167000000000,0,0,0,0,none,0,2537.8933538102838
14058801,1642899370,0xde52fdb6b31e20da72359536dae8620fec431119ea98525c8f5c26ea3e9a98fd,0xcb3408bad3192777e561b362e8467c213231ef9f,0xb47e3cd837ddf8e4c57f05d70ab865de6e193bbb,None,0,1,0,200000,167000000000,84294,0x23165b75,None,2,123042159269,167000000000,167000000000,1,0,3705382226578914,5586,0,2537.8933538102838
14058801,1642899370,0xd3864224f0a3bf8146065073e2998bf158ded62cc8482ed60b0f4719412fa059,0x1919db36ca2fa2e15f9000fd9cdc2edcf863e685,0xc4595e3966e0ce6e3c46854647611940a09448d3,None,0,1,398086099814461836,60000,123042159269,38418,0x86b738be,None,2,123042159269,167000000000,0,2,398086099814461836,398086099814461836,none,0,2537.8933538102838
14093579,1643364993,0x0ec92d911875686f62e20e0118a522814c5e43235671b131f8261b5c7472f20b,0x60e23da7a0b229902da892ddd6a839382eab04ca,0xb47e3cd837ddf8e4c57f05d70ab865de6e193bbb,None,0,1,81500000000000100000,200000,200000000001,65477,0x091dbfd2,None,0,81942379942,None,None,6,0,7730058788603143,none,0,2540.247077360622
14093579,1643364993,0x12984a63765ed3181b4600b61c732d0ae9b09f9c5cfd3ad2d03cff5e968aed66,0x30e474d8bf65c9642ad297e83bf389ec51b674c9,0xb47e3cd837ddf8e4c57f05d70ab865de6e193bbb,None,0,1,0,200000,200000000000,84304,0x23165b75,None,0,81942379942,None,None,7,0,9952729601369632,8591,84.94,2540.247077360622
14093579,1643364993,0x85abee9f3b65065490b7433782ab79afc341b693b613530aa074ab45b7a8ea2b,0x6374ea5d5103e04b057338cb1214f1e1360451c6,0xd9e1ce17f2641f24ae83637ab66a2cca9c378b9f,None,0,1,0,500002,163929000000,121285,0x18cbafe5,None,0,81942379942,None,None,8,0,9943747213734530,none,0,2540.247077360622
14116306,1643667310,0x44345effed17fc1123581f724984d49af117afccb5dbea8c83962a7c66e817cc,0x1919db36ca2fa2e15f9000fd9cdc2edcf863e685,0xb47e3cd837ddf8e4c57f05d70ab865de6e193bbb,None,0,1,103000000000000000020,100000,133654448936,62677,0x091dbfd2,None,2,133654448936,173000000000,0,0,0,0,none,0,2687.235360789504
14116306,1643667310,0x78f123324b5ec0259792409cb4dba615ffa6a2083eda96f735cbe6c1bba06129,0x40a628d16be2ba6956f60402b17f52e8bfe32497,0xb47e3cd837ddf8e4c57f05d70ab865de6e193bbb,None,0,1,0,200000,173000000000,84304,0x23165b75,None,2,133654448936,173000000000,173000000000,1,0,3316987336899456,5305,94.95,2687.235360789504
14116306,1643667310,0xad096bcae135baa14911930fabb50a1bb0b4fda2195945ebad1b9a94123fb947,0x1919db36ca2fa2e15f9000fd9cdc2edcf863e685,0xc4595e3966e0ce6e3c46854647611940a09448d3,None,0,1,81000000000000000,60000,133654448936,38418,0x86b738be,None,2,133654448936,173000000000,0,2,81000000000000000,81000000000000000,none,0,2687.235360789504
14166979,1644344189,0x8b6321c0abdde03d573bc5173bad7dae36b703c37d359fce9e44483d24a11342,0x51eac3daa1c34f5c2874aa62097ac9965a180b6d,0xb47e3cd837ddf8e4c57f05d70ab865de6e193bbb,None,0,1,115000000000000000002,200000,72075213390,65477,0x091dbfd2,None,2,62075213389,150000000001,10000000001,3,0,654770000065477,none,0,3115.882184888326
14166979,1644344189,0x9c229686bcd75efca4ed2e554502a4b3ee42d8428ed44074e74571dd25e505b5,0x6639c089adfba8bb9968da643c6be208a70d6daa,0xb47e3cd837ddf8e4c57f05d70ab865de6e193bbb,None,0,1,0,200000,72075213389,98479,0x23165b75,None,2,62075213389,150000000000,10000000000,4,0,984790000000000,8392,119.99,3115.882184888326
14166979,1644344189,0xd798b61ef705278e890ec096e4dc74dbcf16ee2df0131517530977491103123a,0x51eac3daa1c34f5c2874aa62097ac9965a180b6d,0xc4595e3966e0ce6e3c46854647611940a09448d3,None,0,1,259321401619961700,50000,62075213389,38430,0x86b738be,None,2,62075213389,500000000000,0,5,259321401619961700,259321401619961700,none,0,3115.882184888326
14302351,1646153904,0x172540f2a6b033f1de2f69ca09f3408b12f88382f741442eb37219060c861eca,0x1919db36ca2fa2e15f9000fd9cdc2edcf863e685,0xb47e3cd837ddf8e4c57f05d70ab865de6e193bbb,None,0,1,70000000000000000020,100000,58211015464,62677,0x091dbfd2,None,2,58211015464,64000000000,0,0,0,0,none,0,2969.227462902087
14302351,1646153904,0x79b019a403e9d7ee8b36bbb682397a2f46e97adcfca966d36536737b2e1bf6fd,0x9c2ecd52e83a5ff9d0c981570a9c6ea044483410,0xb47e3cd837ddf8e4c57f05d70ab865de6e193bbb,None,0,1,0,200000,64000000000,84304,0x23165b75,None,2,58211015464,64000000000,64000000000,1,0,488034552322944,1546,81.95,2969.227462902087
14302351,1646153904,0x7c7986a5ddd242c0df0a9f16bcaacda9cac815fa297a2b27e38da0e6682d7dea,0x1919db36ca2fa2e15f9000fd9cdc2edcf863e685,0xc4595e3966e0ce6e3c46854647611940a09448d3,None,0,1,181151358416748926,60000,58211015464,38418,0x86b738be,None,2,58211015464,64000000000,0,2,181151358416748926,181151358416748926,none,0,2969.227462902087
14450780,1648148997,0x7f3a0b69bbf991d56f016c9e13dc6d88775b4dca47cd0cf9ef942073f9291057,0x1919db36ca2fa2e15f9000fd9cdc2edcf863e685,0xb47e3cd837ddf8e4c57f05d70ab865de6e193bbb,None,0,1,70000000000000000020,100000,84118388925,62677,0x091dbfd2,None,2,84118388925,141000000000,0,0,0,0,none,0,3110.4309601890886
14450780,1648148997,0x600acd308ff70a569dcc5f886278d6a202684210d40afbd38caa7f6ec668ade9,0x81facc69908d9c1188280fbb2793567de39f8f9b,0xb47e3cd837ddf8e4c57f05d70ab865de6e193bbb,None,0,1,0,200000,141000000000,84304,0x23165b75,None,2,84118388925,141000000000,141000000000,1,0,4795347340066800,6985,70.95,3110.4309601890886
14450780,1648148997,0x3afd6059d65c3925063bd7fc80f260022c9fed04800b2b92117b17529b880436,0x1919db36ca2fa2e15f9000fd9cdc2edcf863e685,0xc4595e3966e0ce6e3c46854647611940a09448d3,None,0,1,51000000000000000,60000,84118388925,38418,0x86b738be,None,2,84118388925,141000000000,0,2,51000000000000000,51000000000000000,none,0,3110.4309601890886
14521046,1649095590,0xdaaf00253a56476ebf6ee55e0714e6cc1bb3c7ed2bfec2e27b0a26d296d9b02e,0x1919db36ca2fa2e15f9000fd9cdc2edcf863e685,0xb47e3cd837ddf8e4c57f05d70ab865de6e193bbb,None,0,1,73000000000000000020,100000,61579329162,62677,0x091dbfd2,None,2,61579329162,88000000000,0,0,0,0,none,0,3528.793918894679
14521046,1649095590,0x81856903cee862433e34d40838b35c14f48c8280b82cf89339d27c3aec4e4017,0x0642d2f5b3a8abfcab93b3d71ef8ed6cb32981ea,0xb47e3cd837ddf8e4c57f05d70ab865de6e193bbb,None,0,1,0,200000,88000000000,84304,0x23165b75,None,2,61579329162,88000000000,45000000000,1,0,2227368234326752,6818,75.0,3528.793918894679
14521046,1649095590,0x748332a389b6fef22cb5a6a1deffcffea91305871ffabdad1a1b8a7d611a1ff2,0x1919db36ca2fa2e15f9000fd9cdc2edcf863e685,0xc4595e3966e0ce6e3c46854647611940a09448d3,None,0,1,39600000000000000,60000,61579329162,38418,0x86b738be,None,2,61579329162,88000000000,0,2,39600000000000000,39600000000000000,none,0,3528.793918894679
14632541,1650601725,0x691566f04d95e10f152e5c42b2bd17d978614af3cf969e8cd1ab6d946116b2c6,0x1919db36ca2fa2e15f9000fd9cdc2edcf863e685,0xb47e3cd837ddf8e4c57f05d70ab865de6e193bbb,None,0,1,54000000000000000020,100000,39955581862,62677,0x091dbfd2,None,2,39955581862,48000000000,0,0,0,0,none,0,2961.390941966232
14632541,1650601725,0x30d493ea81d94aa756cd1b4447faea35c798d36d558d97a75028cdce2a24ca54,0xf598aadf12a2fc4709b5db0c4c169715efaf2038,0xb47e3cd837ddf8e4c57f05d70ab865de6e193bbb,None,0,1,0,200000,48000000000,80579,0x23165b75,None,2,39955581862,48000000000,48000000000,1,0,648211169141902,5843,59.95,2961.390941966232
14632541,1650601725,0xd019d779af165b7b731da9acbfc86b0c007f70424f5a1d91676577c09c1d3a7a,0x1919db36ca2fa2e15f9000fd9cdc2edcf863e685,0xc4595e3966e0ce6e3c46854647611940a09448d3,None,0,1,24600000000000000,60000,39955581862,38418,0x86b738be,None,2,39955581862,48000000000,0,2,24600000000000000,24600000000000000,none,0,2961.390941966232
14636977,1650661674,0xec3ac5f34aed1f082f481aeda553bf41d3cd69b10d29798bbe562da16ddf2799,0x1919db36ca2fa2e15f9000fd9cdc2edcf863e685,0xb47e3cd837ddf8e4c57f05d70ab865de6e193bbb,None,0,1,57000000000000000020,100000,77334733348,65477,0x091dbfd2,None,2,77334733348,106646594485,0,0,0,0,none,0,2961.390941966232
14636977,1650661674,0x3326584109daa78a76d43e99f8157ee1b91a0152ec798226d7fe47756e715646,0x0d5c661b7bc1628e6da0cabf5ba0dd7ceb1a73d6,0xb47e3cd837ddf8e4c57f05d70ab865de6e193bbb,None,0,1,0,200000,78834733348,70614,0x23165b75,None,2,77334733348,106646594485,1500000000,1,0,105921000000000,2837,67.1621,2961.390941966232
14636977,1650661674,0x67ee0be1041b5c595b28e5d4c80fe1dfdac3bba5d27415a2d6cc57d70cded156,0x1919db36ca2fa2e15f9000fd9cdc2edcf863e685,0xc4595e3966e0ce6e3c46854647611940a09448d3,None,0,1,47400000000000000,60000,77334733348,38418,0x86b738be,None,2,77334733348,106646594485,0,2,47400000000000000,47400000000000000,none,0,2961.390941966232
14649260,1650828019,0xdb5c7d2c3f012abfc764e7c18076fe810590556ecd2b7378fb699733220e3d1d,0x1919db36ca2fa2e15f9000fd9cdc2edcf863e685,0xb47e3cd837ddf8e4c57f05d70ab865de6e193bbb,None,0,1,61000000000000000020,100000,64001562205,62677,0x091dbfd2,None,2,64001562205,67000000000,0,0,0,0,none,0,2914.9568030313535
14649260,1650828019,0x699a1377a54537ddd8929f2b4283a391bf1505db2bf6117255f9d7347f5d856f,0x23f325327b89b982c9c33278cabefbbecbda0603,0xb47e3cd837ddf8e4c57f05d70ab865de6e193bbb,None,0,1,0,200000,67000000000,84304,0x23165b75,None,2,64001562205,67000000000,67000000000,1,0,252780299869680,6326,62.95,2914.9568030313535
14649260,1650828019,0x21c3f8de7ed8fa3143625fb205b8b0e10981066cebfe8c109cd66db030a250bd,0x1919db36ca2fa2e15f9000fd9cdc2edcf863e685,0xc4595e3966e0ce6e3c46854647611940a09448d3,None,0,1,39000000000000000,60000,64001562205,38418,0x86b738be,None,2,64001562205,67000000000,0,2,39000000000000000,39000000000000000,none,0,2914.9568030313535
14664342,1651033354,0x1b9ca60d182e5763d3e057c988e1bd136748e17d6c070688321c3a725c1d554f,0x1919db36ca2fa2e15f9000fd9cdc2edcf863e685,0xb47e3cd837ddf8e4c57f05d70ab865de6e193bbb,None,0,1,57500000000000000020,100000,35886993965,62677,0x091dbfd2,None,2,35886993965,46000000000,0,0,0,0,none,0,2887.388696889401
14664342,1651033354,0xa00d0cde348ca59ffb46ee8422ebbd80ef8fcbf5263de27ee87e64cdd86b998c,0x504805426ef5ed69068bc622ee0863b3469eca43,0xb47e3cd837ddf8e4c57f05d70ab865de6e193bbb,None,0,1,0,200000,46000000000,84304,0x23165b75,None,2,35886993965,46000000000,46000000000,1,0,852566860774640,5467,57.5,2887.388696889401
14664342,1651033354,0x235fd39ffda6045b789bb1ce5f7664ea768b562181db64993c1676958afe7de0,0x1919db36ca2fa2e15f9000fd9cdc2edcf863e685,0xc4595e3966e0ce6e3c46854647611940a09448d3,None,0,1,21600000000000000,60000,35886993965,38418,0x86b738be,None,2,35886993965,46000000000,0,2,21600000000000000,21600000000000000,none,0,2887.388696889401
14743812,1652119551,0x605dced3f7e3e96b85af14387a5bd540ebddbfded8c155456fef730fc137bc3d,0x9e4dec4a9941ca7713b48c17f85f27df9a60db48,0xb47e3cd837ddf8e4c57f05d70ab865de6e193bbb,None,0,1,67162100000000000000,128000,606646594485,97100,0x091dbfd2,None,2,155995408050,606646594485,501500000000,3,0,43758230202838500,none,0,2237.7458414165835
14743812,1652119551,0x0bb96691b5b788f8164407a0fb4b3bb579d0d635b17647bf83a445c4fa638d33,0x1919db36ca2fa2e15f9000fd9cdc2edcf863e685,0xb47e3cd837ddf8e4c57f05d70ab865de6e193bbb,None,0,1,0,200000,165995408050,102491,0x23165b75,None,2,155995408050,500000000000,10000000000,4,0,1024910000000000,2837,0.01,2237.7458414165835
14743812,1652119551,0xd506f5ead6a19a5c139a8af8870f4a5a88d58c7005d1c00fd69a399d5455d9a9,0x5b9f3e16d980eb14d0f54dc15aa79af6a983f269,0x8aff5ca996f77487a4f04f1ce905bf3d27455580,None,0,1,0,333392,155995408050,166708,0x6c8494d8,None,2,155995408050,239003008755,0,5,30516177839652548,30516177839652548,none,0,2237.7458414165835
14756952,1652300429,0x5bf31004833e4446665d340491030a46c6b064d9c5bea2f7a30f942dc261f9db,0x1919db36ca2fa2e15f9000fd9cdc2edcf863e685,0xb47e3cd837ddf8e4c57f05d70ab865de6e193bbb,None,0,1,50000000000000000020,100000,187474698025,62677,0x091dbfd2,None,2,187474698025,313000000000,0,0,0,0,none,0,2080.3021859743744
14756952,1652300429,0xfc942d7dfef54374bb6a78e9612f172fe7161d9220d79d4d2ce9f11678fc596e,0x649f69ccd077da03dfb11f4b1daab4b625f5e9a3,0xb47e3cd837ddf8e4c57f05d70ab865de6e193bbb,None,0,1,0,158068,313000000000,84304,0x23165b75,None,0,187474698025,None,None,1,0,10582285057700400,5777,55.95,2080.3021859743744
14756952,1652300429,0x9d7b0c9b53a4095acfb71d13c846f87c57e23c831257b89b4b214fd7d051354d,0x1919db36ca2fa2e15f9000fd9cdc2edcf863e685,0xc4595e3966e0ce6e3c46854647611940a09448d3,None,0,1,284593891920709920,60000,187474698025,38418,0x86b738be,None,2,187474698025,313000000000,0,2,284593891920709920,284593891920709920,none,0,2080.3021859743744
14907555,1654410056,0xe2957a0f3322554dabf1c14778395c25f96877981ccb51474146e39bb02768ca,0x51eac3daa1c34f5c2874aa62097ac9965a180b6d,0xb47e3cd837ddf8e4c57f05d70ab865de6e193bbb,None,0,1,100000000000100002,200000,32000000001,65477,0x091dbfd2,None,2,22362403120,32000000001,32000000001,0,0,631040930977237,none,0,1809.0116901122292
14907555,1654410056,0x2a0e1f1e956d91b89dee00f708d21751dbc69eb972c36e6c4d17ce3c2bcfc6ef,0x8836c14dc2b96123f132cb419b212c46247dde41,0xb47e3cd837ddf8e4c57f05d70ab865de6e193bbb,None,0,1,0,200000,32000000000,102467,0x23165b75,None,2,22362403120,32000000000,32000000000,1,0,987535639502960,2006,59.99,1809.0116901122292
14907555,1654410056,0xf5c453851ea46c40522186ebd692c4c167e4cb74287aa0c275184e9289f2a441,0x51eac3daa1c34f5c2874aa62097ac9965a180b6d,0xc4595e3966e0ce6e3c46854647611940a09448d3,None,0,1,44551230622021414000,50000,22362403120,38430,0x86b738be,None,2,22362403120,500000000000,0,2,44551230622021414000,44551230622021414000,none,0,1809.0116901122292
14907558,1654410103,0x0ff25181818cd12b1f5e226d39e4d4313d8e3048d7744294c4f056f2d19d7d0d,0x51eac3daa1c34f5c2874aa62097ac9965a180b6d,0xb47e3cd837ddf8e4c57f05d70ab865de6e193bbb,None,0,1,100000000000100002,200000,30000000001,48377,0x091dbfd2,None,2,24753678478,30000000001,30000000001,0,0,253801296318171,none,0,1809.0116901122292
14907558,1654410103,0x5d9422879d974f1d2f7c10f36e0e28128da7f684c4e12a058a82e4437e776486,0x8836c14dc2b96123f132cb419b212c46247dde41,0xb47e3cd837ddf8e4c57f05d70ab865de6e193bbb,None,0,1,0,200000,30000000000,66134,0x23165b75,None,2,24753678478,30000000000,30000000000,1,0,346960227535948,3825,63.49,1809.0116901122292
14907558,1654410103,0xf33a83c746a103ed2c50b92715dbf2f8b096b01a6c6c5a293a1b4242de987d8c,0x51eac3daa1c34f5c2874aa62097ac9965a180b6d,0xc4595e3966e0ce6e3c46854647611940a09448d3,None,0,1,44424250851887860000,50000,24753678478,38430,0x86b738be,None,2,24753678478,500000000000,0,2,44424250851887860000,44424250851887860000,none,0,1809.0116901122292
15217979,1658836955,0x353ebf6819e5ed45e39161951374d88bc3f2c17d0f9257db967b5c146e6147ae,0x51eac3daa1c34f5c2874aa62097ac9965a180b6d,0xb47e3cd837ddf8e4c57f05d70ab865de6e193bbb,None,0,1,67500000000012000002,200000,21625952877,65477,0x091dbfd2,None,2,16625952876,100000000001,5000000001,0,0,327385000065477,none,0,1449.3672083968893
15217979,1658836955,0x2315d442a1d8a6115dd2b55312cdf6eca088bf908837a76e8808b9ce8c565fe2,0x19d41c96fe9b9dd66e474d96cc5f8b566aaab6d7,0xb47e3cd837ddf8e4c57f05d70ab865de6e193bbb,None,0,1,0,200000,21625952876,97984,0x23165b75,None,2,16625952876,100000000000,5000000000,1,0,489920000000000,4933,74.49,1449.3672083968893
15217979,1658836955,0x4602e13c91425f7d704eac8175366c7216e7b804924c8e8b0c112d23b94b5a3f,0x51eac3daa1c34f5c2874aa62097ac9965a180b6d,0xc4595e3966e0ce6e3c46854647611940a09448d3,None,0,1,386734271094475450,50000,16625952876,38430,0x86b738be,None,2,16625952876,500000000000,0,2,386734271094475450,386734271094475450,none,0,1449.3672083968893
15246975,1659226674,0x2501239663205e27f8bc7a3d680632a9f66f86f054d8426ad889219d24a2027c,0x1919db36ca2fa2e15f9000fd9cdc2edcf863e685,0xb47e3cd837ddf8e4c57f05d70ab865de6e193bbb,None,0,1,60000000000000000020,100000,8652522959,65477,0x091dbfd2,None,2,8652522959,10000000000,0,1,0,0,none,0,1684.082033989432
15246975,1659226674,0x3f0d58c07547ed246498ebcdebda0c763473252ecef2c7f0a4d9fdbcc68e4da1,0x4dfac347cc14890e8fc90d33ce5f29a354aa1e78,0xb47e3cd837ddf8e4c57f05d70ab865de6e193bbb,None,0,1,0,200000,10000000000,84304,0x23165b75,None,2,8652522959,10000000000,10000000000,2,0,113597704464464,1829,63.0,1684.082033989432
15246975,1659226674,0xe24c7bface77093003c2d16bbc477779865916d2e29fbc02497b083d61edeadb,0x1919db36ca2fa2e15f9000fd9cdc2edcf863e685,0xc4595e3966e0ce6e3c46854647611940a09448d3,None,0,1,2769684663748123994,60000,8652522959,38418,0x86b738be,None,2,8652522959,10000000000,0,3,2769684663748123994,2769684663748123994,none,0,1684.082033989432
15372301,1660925704,0xc12d7b862bfea81c8041585f0334b412d648ba8b7ddef55701e860312a78afc6,0x51eac3daa1c34f5c2874aa62097ac9965a180b6d,0xb47e3cd837ddf8e4c57f05d70ab865de6e193bbb,None,0,1,62000000000032000002,200000,23000000001,65477,0x091dbfd2,None,2,14980300772,23000000001,23000000001,0,0,525105846417233,none,0,1609.1629941839105
15372301,1660925704,0x11ba6d01a157aea1a1567c4d77e3e6c3fa1f8ebfafa091786879205a0e22fd20,0x0454fa5c281984a0cae56c7d11e7930a3c7df881,0xb47e3cd837ddf8e4c57f05d70ab865de6e193bbb,None,0,1,0,200000,23000000000,97984,0x23165b75,None,2,14980300772,23000000000,23000000000,1,0,785802209156352,2675,65.99,1609.1629941839105
15372301,1660925704,0xa4dacc9c6726103ed6701a3c5f0b1305cb7f8a2287b7ac7b714493a3739cde7b,0x51eac3daa1c34f5c2874aa62097ac9965a180b6d,0xc4595e3966e0ce6e3c46854647611940a09448d3,None,0,1,520196167704501900,50000,14980300772,38430,0x86b738be,None,2,14980300772,500000000000,0,2,520196167704501900,520196167704501900,none,0,1609.1629941839105
15382169,1661060497,0x5f998571626fa84cc5f342168108c1ecbf0d5befd3604215ebe3c766004760a9,0x51eac3daa1c34f5c2874aa62097ac9965a180b6d,0xb47e3cd837ddf8e4c57f05d70ab865de6e193bbb,None,0,1,63000000000032000002,200000,4982957697,65477,0x091dbfd2,None,2,2482957696,160000000001,2500000001,2,0,163692500065477,none,0,1620.9869448064933
15382169,1661060497,0xd0d9a31b6be324601d774b295e05e76e6f69cf3fc918dc68fd6a2dc8cf88434c,0xeaa7580f7b092ddd5d3b30236ec342a855382094,0xb47e3cd837ddf8e4c57f05d70ab865de6e193bbb,None,0,1,0,200000,4982957696,97984,0x23165b75,None,2,2482957696,160000000000,2500000000,3,0,244960000000000,5293,66.99,1620.9869448064933
15382169,1661060497,0xbe6e1593ea6f9d141eb2d6666c3b223c4228d182eb68ec7e93654a8d562a6b92,0x51eac3daa1c34f5c2874aa62097ac9965a180b6d,0xc4595e3966e0ce6e3c46854647611940a09448d3,None,0,1,763387067206050700,50000,2482957696,38430,0x86b738be,None,2,2482957696,500000000000,0,4,763387067206050700,763387067206050700,none,0,1620.9869448064933
15390487,1661174869,0xdd78c3e00fe00cd7316751a34caa6e48fcbef43661590a7e1115cb673f309838,0x1919db36ca2fa2e15f9000fd9cdc2edcf863e685,0xb47e3cd837ddf8e4c57f05d70ab865de6e193bbb,None,0,1,71000000000000000020,100000,13813345361,65477,0x091dbfd2,None,2,13813345361,17000000000,0,5,0,0,none,0,1622.6678068423164
15390487,1661174869,0xaf04dd21c84cbc709e684aec0982a074cb5e0a9e85b41258709ff0c35c08c58b,0x3659680af7436fd5a7c71a0a142849ae4f134782,0xb47e3cd837ddf8e4c57f05d70ab865de6e193bbb,None,0,1,0,200000,17000000000,68279,0x23165b75,None,2,13813345361,17000000000,17000000000,6,0,217581592096281,2056,75.0,1622.6678068423164
15390487,1661174869,0xa0fad78835840fbc6ebcb1b71ab3a39bcc0e5af5c3435174f46a6b746305afb5,0x1919db36ca2fa2e15f9000fd9cdc2edcf863e685,0xc4595e3966e0ce6e3c46854647611940a09448d3,None,0,1,17930248085372102,60000,13813345361,38418,0x86b738be,None,2,13813345361,17000000000,0,7,17930248085372102,17930248085372102,none,0,1622.6678068423164
15390973,1661181126,0x5bb2dbe2fa38c5755594fafbc05146363682abfbf71630d4e65a3931c6d68dcb,0x51eac3daa1c34f5c2874aa62097ac9965a180b6d,0xb47e3cd837ddf8e4c57f05d70ab865de6e193bbb,None,0,1,62000000000032000002,200000,20000000001,65477,0x091dbfd2,None,2,18088823459,20000000001,20000000001,0,0,125138106440534,none,0,1622.6678068423164
15390973,1661181126,0xc3a7637cb286a9ed96aa6294506d3af97ff6f2a644b64bd6962aa94743cddf66,0x3659680af7436fd5a7c71a0a142849ae4f134782,0xb47e3cd837ddf8e4c57f05d70ab865de6e193bbb,None,0,1,0,200000,20000000000,84304,0x23165b75,None,2,18088823459,20000000000,20000000000,1,0,161119827112464,3960,67.99,1622.6678068423164
15390973,1661181126,0x1b65ada0693484c5745b3466f64d8af5be24a8b3678ea7f37a04a76b9bfa9e4e,0x51eac3daa1c34f5c2874aa62097ac9965a180b6d,0xc4595e3966e0ce6e3c46854647611940a09448d3,None,0,1,789894611042421600,50000,18088823459,38430,0x86b738be,None,2,18088823459,500000000000,0,2,789894611042421600,789894611042421600,none,0,1622.6678068423164
15493236,1662594506,0x91d818f5000dda6c7b6e09d169468457726c46a7a5905f56902434d15c6f8390,0x1919db36ca2fa2e15f9000fd9cdc2edcf863e685,0xb47e3cd837ddf8e4c57f05d70ab865de6e193bbb,None,0,1,79000000000000000020,100000,11144091486,65477,0x091dbfd2,None,2,11144091486,51000000000,0,2,0,0,none,0,1626.4625579853118
15493236,1662594506,0xded9d34949be90b5544263d35db7303e82740f489de9b2b27f38f4bea8ddebaa,0x1cbbc4d23c0fb0ea194b8ddc7f64f51f950f5751,0xb47e3cd837ddf8e4c57f05d70ab865de6e193bbb,None,0,1,0,200000,51000000000,84304,0x23165b75,None,2,11144091486,51000000000,51000000000,3,0,3360012511364256,1002,89.95,1626.4625579853118
15493236,1662594506,0xe123d3d8d42b235d4c5e4c8eace22424ccb9952c6480a5f34c36fee0eea14029,0x1919db36ca2fa2e15f9000fd9cdc2edcf863e685,0xc4595e3966e0ce6e3c46854647611940a09448d3,None,0,1,11700000000000000,60000,11144091486,38418,0x86b738be,None,2,11144091486,51000000000,0,4,11700000000000000,11700000000000000,none,0,1626.4625579853118
